순위,제목,출시날짜,장르1,장르2
1,Plants vs. Zombies,2009,퍼즐,
2,Minecraft,2014,전략,오픈월드
3,Terraria,2011,인디,
4,Command ,1996,전략,
5,Call Of Duty,2016,슈팅,
6,Red Dead Redemption Ⅱ,2018,액션,어드벤쳐
7,Grand Theft Auto,1998,RPG,기타
8,Counter-Strike,2000,슈팅,
9,ARK: Survival Evolved,,전략,오픈월드
10,Sid Meier's Civilization VI,2019,전략,
11,legend of mir 2,,RPG,
12,NIOH,2017,액션,기타
13,Battlefield 5,,슈팅,
14,Minesweeper,,퍼즐,
15,Grand Theft Auto：Vice City,2003,전략,오픈월드
16,Diablo 2,2000,RPG,
17,Stardew Valley,2016,전략,시뮬레이션
18,Don’t Starve,2014,전략,养成
19,The Witcher 3: Wild Hunt,2015,RPG,
20,Warcraft,,전략,
21,The Sims Ⅳ,2014,전략,시뮬레이션
22,THE KING OF FIGHTERS,,액션,격투
23,THE KING OF FIGHTERS '97,2017,액션,격투
24,Ultraman Fighting Evolution Ⅲ,2004,액션,격투
25,The Elder Scrls V:Skyrim,2016,RPG,
26,Monster Hunter,,RPG,
27,The Sims,,전략,시뮬레이션
28,FINAL FANTASY,,RPG,
29,undertale,2015,RPG,
30,Assassin's Creed:Valhalla,2020,RPG,
31,Resident Evil,2015,슈팅,
32,Command & Conquer: Red Alert Ⅲ,2008,전략,
33,Divinity: Original Sin 2,,RPG,
34,Mount & Blade II:Bannerlord,2020,RPG,
35,Resident Evil:Village,2021,슈팅,
36,流浪汉模拟器,,전략,시뮬레이션
37,Call of Duty:Modern Warfare,2019,슈팅,
38,Euro Truck Simulator Ⅱ,2012,전략,시뮬레이션
39,Mount & Blade,2014,RPG,
40,Hearts of Iron IV,,전략,
41,Left 4 Dead 2,2009,슈팅,
42,Tetri,,퍼즐,
43,The Rewinder,2021,퍼즐,观察
44,看门狗2,2016,전략,오픈월드
45,七日杀,2013,액션,기타
46,StarCraft,,전략,
47,Assassin's Creed,2008,RPG,
48,Amazing Cultivation Simulator,2020,전략,시뮬레이션
49,War thunder,2013,슈팅,坦克
50,Big watermelon,2021,퍼즐,기타
51,Romance of the Three Kingdoms XIV,2020,전략,
52,Stranded Deep,2015,RPG,기타
53,Defend and Defeat Kingdoms,2014,전략,
54,Romance of the Three Kingdoms XI,,전략,
55,My Time At Portia,2019,전략,시뮬레이션
56,NieR:Automata,2017,RPG,
57,Prototype,2009,RPG,
58,The Legend Of Three Kingdoms Ⅶ,2020,전략,
59,Assassin's Creed® Odyssey,,RPG,
60,Ghost of Tsushima,2020,RPG,
61,Pro Evolution Soccer,,스포츠,足球
62,Zuma,2006,퍼즐,消除
63,Jimmu,,인디,
64,LIMBO,,액션,플랫폼
65,辐射4,,RPG,기타
66,DARK SOULS™ III,2016,RPG,
67,Grand Theft Auto Ⅳ,2020,전략,오픈월드
68,异度之刃2,,RPG,
69,Diablo Ⅲ,,RPG,
70,The Legend of Zelda,,RPG,
71,Resident Evil Ⅱ:Remake,2019,슈팅,
72,Tales of the Neon Sea,2019,인디,
73,Tom Clancy's Rainbow Six Siege,2015,슈팅,
74,Battlefield 1,2016,슈팅,기타
75,shentu,,RPG,
76,Ultraman Fighting Evolution 0,,액션,격투
77,Need For Speed,,레이싱,
78,Animal Crossing: New Horizons,,전략,시뮬레이션
79,Death Stranding,2019,RPG,
80,Dying Light,2018,액션,기타
81,Planet Zoo,2019,전략,시뮬레이션
82,God Of War,2018,RPG,
83,Life Is Strange,2015,RPG,기타
84,Persona 5 Scramble: The Phantom Strikers,2017,RPG,
85,it takes two,2021,액션,어드벤쳐
86,Journey,2020,퍼즐,기타
87,Muse Dash,2019,퍼즐,跑酷
88,Heroes of the Three Kingdoms 8,2021,전략,
89,The Binding of Isaac,2011,RPG,기타
90,Call of Duty:Black Ops Cold War,2020,슈팅,
91,Ultraman Fighting Evolution Rebirth,,액션,격투
92,Paranormal HK,2020,인디,기타
93,Slay the spire,2019,전략,卡片
94,Rolled Out!,2021,퍼즐,灵敏
95,Rusted Warfare,2017,전략,
96,RichMan,,보드,棋类
97,The Forest,2018,RPG,기타
98,侠客风云传,2016,RPG,
99,Resident Evil Ⅶ,2017,슈팅,
100,正当防卫4,2019,슈팅,
101,The Legend Of Three KingdomsⅡ,2020,전략,
102,Little Nightmares,2017,RPG,기타
103,Knights of Valour,,액션,플랫폼
104,MahjongSoul,2020,보드,麻将
105,Alien Shooter,,슈팅,
106,eFootball PES 2021,,스포츠,足球
107,Hobo：Tough Life,2017,전략,시뮬레이션
108,Total War:Three Kingdoms,2019,전략,
109,resident evil 4,2018,슈팅,
110,Don't Starve Together,,인디,
111,Final Fantasy VII Remake,2020,RPG,
112,Adventure,,액션,어드벤쳐
113,BeamNG.drive,2015,전략,시뮬레이션
114,无主之地3,2020,슈팅,
115,Devil May Cry Ⅴ,2019,RPG,
116,Mir3,,RPG,
117,Subnautica,,전략,오픈월드
118,Pokémon Sword,,RPG,
119,Eastward,,RPG,기타
120,Dynasty Warriors 9,2018,RPG,
121,Titanfall2,2016,RPG,
122,Devil May Cry,,RPG,
123,FIFA 21,2020,스포츠,足球
124,非常普通的鹿,2020,인디,
125,The Elder Scrolls: Arena,,RPG,
126,Grand Theft Auto:San Andreas,2005,전략,오픈월드
127,Ultraman Fighting Evolution,,액션,격투
128,The Witcher,2008,RPG,
129,The King of Fighters '98,2018,액션,격투
130,卡牌游戏,2020,RPG,기타
131,孤岛惊魂5,2018,슈팅,
132,No Man's Sky,2016,RPG,
133,Dead Cells,2018,인디,
134,Cuphead,2017,인디,
135,DARK SOULS,2012,RPG,
136,Titan Quest,2016,RPG,
137,Days Gone,,슈팅,
138,Dyson Sphere Program,2021,인디,
139,Final Fantasy XV,2018,RPG,
140,Rise of the Tomb Raider™,2016,액션,어드벤쳐
141,Halo,,슈팅,
142,HITMAN™2,,슈팅,
143,Tomb Raider,2013,액션,어드벤쳐
144,Call of Duty: WWII,2017,슈팅,
145,Shadow of the Tomb Raider,2019,액션,어드벤쳐
146,SimCity,,전략,시뮬레이션
147,Battle City,,슈팅,坦克
148,Resident Evil 6,2018,슈팅,
149,Party Animals,,퍼즐,기타
150,Sleeping Dogs,2015,액션,기타
151,真三国无双7,,인디,
152,Yandere Simulator,,전략,시뮬레이션
153,Crashlands,2016,액션,기타
154,Borderlands,2019,슈팅,
155,STEINS;GATE,2016,전략,기타
156,遨游中国2,,전략,시뮬레이션
157,虐杀原形2,2012,RPG,
158,Assassin's Creed® Unity,2014,액션,어드벤쳐
159,末日血战,2021,전략,시뮬레이션
160,文字游戏,2021,인디,
161,Gado Fight,2020,액션,격투
162,Cities:Skylines,2015,전략,시뮬레이션
163,FAIRY TAIL,2020,RPG,
164,Uncharted : Drake’s Fortune,,RPG,
165,A Dance of Fire and Ice,2019,리듬,音乐
166,Dead or Alive,,액션,격투
167,Need For Speed™:Heat,2019,레이싱,
168,The legend of immort,,RPG,
169,Darkest Dungeon,2016,RPG,
170,Assassin's Creed® Origins,2017,액션,어드벤쳐
171,Ghostrunner,2020,액션,기타
172,庇护所,2016,인디,
173,Final Fantasy VII,2015,RPG,
174,Project Zomboid,2013,전략,시뮬레이션
175,Hearts of Iron,,전략,
176,Richman 4,,퍼즐,기타
177,Farming Simulator 19,2018,전략,시뮬레이션
178,Thief Simulator,2018,전략,시뮬레이션
179,Sniper Elite 4,2017,슈팅,
180,The Last of Us: Part II,2020,RPG,
181,Call of Duty:Infinite Warfare,2016,슈팅,
182,Phasmophobia,2020,RPG,
183,Age of Empires III,2009,전략,
184,Watch Dogs:Legion,2020,전략,오픈월드
185,Watch Dogs,2014,전략,오픈월드
186,New World,2021,RPG,
187,Metal Gear Solid,,액션,어드벤쳐
188,Tsugunohi,,RPG,기타
189,Shin Sangokumusou,,RPG,
190,Resident Evil 3: Remake,2020,슈팅,
191,Diablo Ⅳ,,RPG,
192,火星求生,2018,전략,시뮬레이션
193,但丁地狱,,인디,
194,Shin Sangokumusou 5,,RPG,
195,Totally Accurate Battle Simulator,2019,전략,시뮬레이션
196,Forager,2019,전략,시뮬레이션
197,Getting Over It with Bennett Foddy,2017,퍼즐,灵敏
198,Borderlands 2,,슈팅,
199,Story of Seasons,,전략,养成
200,The Escapists 2,2017,인디,
201,Middle-earth:Shadow of War,2017,RPG,
202,JUDGE EYES：死神の遺言,2019,인디,
203,Detroit: Become Human,2020,전략,시뮬레이션
204,Ys IX: Monstrum Nox,2020,RPG,
205,Dying Light 2,2021,전략,오픈월드
206,口袋妖怪xy,2013,RPG,기타
207,Age of Empires II: Definitive Edition,2019,전략,
208,Gunfire Reborn,2020,인디,
209,Forza Horizon 4,2021,레이싱,
210,Castle Crashers,2012,액션,플랫폼
211,无冬镇物语,,인디,
212,2048,2018,퍼즐,
213,鬼泣4,2008,RPG,
214,重装机兵2,,인디,
215,The King of Fighters XIV,2016,액션,격투
216,艾尔登法环,,RPG,
217,国王的恩赐2,2021,전략,
218,Chinese Parents,,전략,시뮬레이션
219,超凡蜘蛛侠2,,RPG,
220,Resident Evil 5,2018,슈팅,
221,WILL：美好世界,2017,인디,
222,METAL GEAR SOLID V：THE PHANTOM PAIN,2016,액션,어드벤쳐
223,Need for Speed：Most Wanted,2012,레이싱,
224,XuanYuan Sword Ⅶ,2020,RPG,
225,Witch It,2020,액션,기타
226,Dynasty Warriors 8 Xtreme Legends,2014,액션,격투
227,GUILTY GEAR,,액션,격투
228,Tom Clancy's Ghost Recon® Wildlands,2017,슈팅,
229,Bright memory,2020,슈팅,
230,Eternal Legend,,RPG,
231,战国兰斯,,전략,
232,路易吉洋馆3,,액션,어드벤쳐
233,battlefield 3,,슈팅,
234,Precursors,2017,슈팅,
235,Planet Coaster,2016,전략,시뮬레이션
236,Internet Cafe Simulator,2019,전략,오픈월드
237,Crysis,2007,슈팅,
238,Animal Crossing,,전략,시뮬레이션
239,Frostpunk,2018,전략,
240,Ring Fit Adventure,,스포츠,기타
241,Kings of Lorn: The Fall of Ebris,2019,액션,기타
242,魔女之家,2018,인디,
243,魔兽争霸3：重制版,2020,전략,
244,Grand Theft Auto VI,,전략,오픈월드
245,Assassin's Creed® Syndicate,2015,액션,기타
246,Call of Duty:Black Ops 4,2019,슈팅,
247,战国无双5,2021,액션,기타
248,Divinity: Original Sin,2015,RPG,
249,坦克!!!,,슈팅,坦克
250,冒险岛3,,액션,어드벤쳐
251,celeste,2018,인디,
252,The Last of Us,2018,RPG,
253,The Escapists,2015,전략,시뮬레이션
254,重装机兵3,,인디,
255,Kingdom Rush,2014,전략,
256,Fireworks Simulator:Realistic,2020,전략,시뮬레이션
257,WATCH,2020,퍼즐,解谜
258,FINAL FANTASY XVI,,RPG,
259,Five Nights At Freddy's,2014,RPG,
260,沙漠风暴,,인디,
261,A Mazeing Tower Defense,2017,전략,塔防
262,Paper Dolls 2,2020,RPG,
263,Red Dead Online,2020,슈팅,
264,Command & Conquer Red Alert 3 Uprising,2009,전략,
265,Demon's Souls,,RPG,
266,Bloons TD 6,2018,전략,放置
267,To The Moon,2011,인디,
268,The Legend Of Three Kingdoms,2020,전략,
269,Sniper Elite,2005,슈팅,
270,Remnant: From the Ashes,2019,슈팅,
271,Stealth,2019,액션,어드벤쳐
272,Sword and Fairy 7,2021,RPG,
273,杀手,2016,액션,기타
274,Yakuza 0,,액션,어드벤쳐
275,Overcooked,2016,퍼즐,灵敏
276,骨头镇,,RPG,
277,Tribes of Midgard,2021,액션,어드벤쳐
278,Baby Coyote,2020,인디,
279,Command And Conquer Red Alert Ⅱ:Republic Brilliant,,전략,
280,Marvels Spider-Man,2019,액션,어드벤쳐
281,鸭王争霸赛,2015,액션,기타
282,卡车人生,2020,전략,시뮬레이션
283,Portal Knights,2017,인디,
284,The Evil Within 2,2017,슈팅,
285,Dead Rising 4,2017,슈팅,
286,最后纪元,2019,인디,
287,武装突袭,2011,슈팅,飞机
288,Library Of Ruina,2020,전략,卡片
289,火影忍者究极风暴,2017,액션,격투
290,The Room,2014,인디,
291,Moonlighter,2018,RPG,기타
292,Horizon Zero Dawn,2020,전략,오픈월드
293,Back 4 Blood,2021,슈팅,
294,画中世界,2017,퍼즐,기타
295,Plants vs. Zombies,,퍼즐,기타
296,CryoFall,2019,전략,시뮬레이션
297,无双大蛇3-终极版,,액션,기타
298,雀姬,2019,보드,麻将
299,极限国度,,스포츠,기타
300,Rusty Lake Hotel,2016,퍼즐,
301,GunWorld,2014,액션,플랫폼
302,Reigns,2016,인디,
303,掠食,2017,액션,기타
304,Crusader Kings II,2012,전략,
305,Firework,2021,RPG,기타
306,Wars Across The World,2017,전략,
307,BUS SIMULATOR,2019,전략,시뮬레이션
308,The Mist,2019,인디,
309,野球拳,2020,전략,卡片
310,Mass Effect Legendary Edition,2021,슈팅,
311,觅长生,2019,전략,
312,The Song of Saya,2019,인디,
313,Hyrule Warriors: Age of Calamity,,액션,어드벤쳐
314,YumeCore,2018,액션,기타
315,DEAD OR ALIVE XTREME,,스포츠,기타
316,LEGO® Jurassic World,2015,퍼즐,
317,Until We Die,,전략,시뮬레이션
318,Hungry Shark World,,퍼즐,
319,Gears 5,2019,슈팅,
320,Unheard,2019,RPG,기타
321,Forts,2017,퍼즐,
322,Devil May Cry® 3 ,2006,RPG,
323,Orcs Must Die,2011,슈팅,
324,大航海时代2,2017,인디,
325,60 Parsecs!,2018,인디,
326,三国志汉末霸业,2021,전략,시뮬레이션
327,迷宫,2019,퍼즐,
328,节奏光剑,2019,리듬,音乐
329,Final Fantasy Ⅳ,,인디,
330,Chronicon,2020,RPG,
331,海沙风云,,퍼즐,观察
332,Hyrule Warriors,,RPG,
333,Door Kickers 2：Task Force North,2020,슈팅,
334,BlazBlue Continuum Shift,2017,액션,격투
335,Fieldrunners,2012,전략,
336,三角洲特种部队,1998,슈팅,
337,Samsara Room,2020,인디,
338,Home Land,2019,슈팅,
339,DMC: Devil May Cry,2013,액션,기타
340,What Remains of Edith Finch,2017,RPG,기타
341,DiRT 4,2017,레이싱,
342,Deltarune,,RPG,기타
343,One Piece：Kaizoku Musou,,액션,기타
344,快乐小鸡,2020,퍼즐,기타
345,最终幻想2,,인디,
346,现代战争5,2018,슈팅,
347,The Crew 2,2018,레이싱,
348,FINAL FANTASY III,2014,인디,
349,F.E.A.R,2005,슈팅,
350,Death Trash,2021,인디,
351,The Piano,2018,액션,어드벤쳐
352,Living in the Ending World,2020,전략,시뮬레이션
353,Bonfire,2020,RPG,
354,Yakuza: Kiwami,2019,RPG,
355,Assassin's Creed® III Remastered,,액션,어드벤쳐
356,Empires of the Undergrowth,2017,전략,시뮬레이션
357,进化之地2,2015,RPG,
358,最终幻想9,,인디,
359,冰汽时代2,,인디,
360,Primal Carnage,2012,슈팅,기타
361,核爆RPG,,RPG,기타
362,噬神者3,,RPG,
363,饥饿派画家,2017,전략,시뮬레이션
364,时空之轮,,RPG,기타
365,LEGO WorldsTraveller's Tales,,전략,오픈월드
366,Rebirth,2020,RPG,
367,Shadow Tactics:Blades of the Shogun,2016,액션,기타
368,战斧,,RPG,
369,N1RV Ann-A: Cyberpunk Bartender Action,,퍼즐,观察
370,BIOMUTANT,2021,RPG,
371,Isoland,2018,퍼즐,解谜
372,属性与生活,2018,전략,시뮬레이션
373,Empires,2017,액션,어드벤쳐
374,Bayonetta 3,,액션,기타
375,Neverwinter Nights:Enhanced Edition,2018,RPG,기타
376,Early Access Roadmap,2021,전략,
377,Men of War,2009,전략,
378,最终幻想6,,인디,
379,绝境北方,2018,전략,
380,彩虹坠入,2018,인디,
381,三国志2,,전략,
382,Wildermyth,2019,전략,시뮬레이션
383,Dawn of Light,2021,슈팅,기타
384,Just Dance,,리듬,舞蹈
385,情热传说,2015,RPG,기타
386,模拟帝国,2019,전략,시뮬레이션
387,Vampire: The Masquerade Bloodlines 2,,RPG,
388,龙珠大冒险,,액션,기타
389,Halo:The Master Chief Collection ,2019,슈팅,
390,Door Kickers,2014,인디,
391,World of Goo,2008,인디,
392,DRAGON BALL FighterZ,2018,액션,격투
393,When a man lose his job,2021,전략,시뮬레이션
394,Poco In,2020,RPG,
395,Ninja Gaiden 3,,액션,격투
396,Virtual Families,2009,전략,시뮬레이션
397,BERSERK and the Band of the Hawk,2017,인디,
398,Crysis 2,2011,슈팅,
399,Total War: Attila,2015,전략,
400,Dead Rising 2,2010,슈팅,
401,Notes of Soul,2019,RPG,
402,Truck Driver,,전략,시뮬레이션
403,DARKWOOD,2017,RPG,기타
404,三国时代2,2019,전략,시뮬레이션
405,Gears of War,,슈팅,
406,Twelve Minutes,2021,RPG,기타
407,Summer Pockets,2018,퍼즐,기타
408,Journey of Greed,2019,전략,卡片
409,Trine,2015,액션,플랫폼
410,Rhythm Doctor,2021,퍼즐,灵敏
411,火柴人大逃亡,2021,RPG,기타
412,Shovel Knight,2014,액션,플랫폼
413,陷阵之志,2018,전략,
414,Battlefield 2042,2021,슈팅,기타
415,外道勇者一行,2020,RPG,기타
416,Valiant Hearts: The Great War™,2014,RPG,기타
417,Pacify,2019,액션,어드벤쳐
418,Evoland,2013,RPG,
419,Final Fantasy XIII,,RPG,
420,Kio的人间冒险,2017,인디,
421,Maneater,,인디,
422,Blade and Sorcery,2018,액션,기타
423,英雄群侠传,2019,RPG,
424,极品飞车：亡命狂飙,,레이싱,
425,The Ascent,2021,액션,기타
426,抢滩登陆2002,2002,슈팅,
427,文明2,,전략,
428,御神巫女,2020,RPG,
429,蝶之毒华之锁,,인디,
430,狂热运输2,2019,전략,시뮬레이션
431,Pokémon Sword,,RPG,
432,Hellblade: Senua’s Sacrifice,2017,액션,어드벤쳐
433,Infanticide,2020,액션,기타
434,Steel Rats™,2018,액션,어드벤쳐
435,Iron Marines,2019,전략,
436,明星志愿3,,전략,养成
437,耀西的手工世界,2019,액션,기타
438,辐射2,,RPG,
439,伏魔记,2021,RPG,
440,末日准备狂,2021,전략,시뮬레이션
441,Sackboy A Big Adventure,2020,퍼즐,跑酷
442,星位继承者,,RPG,
443,Overlord II,2009,RPG,
444,奇点,2020,슈팅,
445,Heal,2020,인디,
446,FIFA 19,,스포츠,足球
447,Five Nights at Freddy's 2,2014,RPG,
448,Vampirem,2021,RPG,
449,Brothers: A Tale of Two Sons,2013,인디,
450,地精公司,2016,전략,시뮬레이션
451,blurred weird night,2021,액션,기타
452,The House of Da Vinci,2017,퍼즐,
453,世界游戏大全51,,인디,
454,Creepy Tale,2020,RPG,
455,Cube World,2019,인디,
456,Call of Cthulhu,2018,인디,
457,The Room Two,2016,퍼즐,解谜
458,Outer Wilds,2019,RPG,
459,Pac-Man,,퍼즐,消除
460,Super Mario Bros,,액션,플랫폼
461,My Vow to My Liege,2020,인디,
462,Monster Sanctuary,2020,RPG,
463,Rusty Lake Paradise,2018,퍼즐,观察
464,Han Xiongnu Wars,2017,RPG,기타
465,From Frontier,2020,RPG,기타
466,FRAMED,2018,인디,
467,Loot Box Simulator,2018,전략,시뮬레이션
468,Curious Expedition 2,2021,RPG,
469,幸运房东,2021,전략,
470,Ranch Simulator,2021,전략,시뮬레이션
471,钢铁之师2,2019,전략,
472,天诛,,RPG,
473,Tabletop Simulator,2015,보드,기타
474,达芬奇密室2,2020,RPG,
475,10.000.000,2013,퍼즐,
476,最后的遗迹,,RPG,기타
477,长途客车模拟,2016,전략,시뮬레이션
478,Final Fantasy V,,인디,
479,重装机犬,,RPG,기타
480,Phoenix Wright: Ace Attorney Trilogy,2019,퍼즐,
481,Chameleon Run,2019,퍼즐,跑酷
482,Metro Simulator,2019,전략,시뮬레이션
483,Samorost 3,2016,액션,어드벤쳐
484,英雄年代,,RPG,
485,Ghost of Dragon,,RPG,
486,饼干点点乐,,인디,
487,Tengami,2015,퍼즐,观察
488,LOLITA EXPEDTION,,인디,
489,闪客快打7佣兵帝国,2021,액션,플랫폼
490,Luvinia,,RPG,
491,Serious Sam 3,2011,슈팅,
492,Streamer Daily,2020,전략,시뮬레이션
493,Lego Batman,2008,액션,어드벤쳐
494,碧蓝幻想Versus,,인디,
495,御剑,2020,퍼즐,跑酷
496,亿万恋人,,전략,시뮬레이션
497,Lifeline,2017,인디,
498,银河破裂者,2021,인디,
499,锈湖：根源,2016,퍼즐,
500,Construction Simulator 2015,2014,전략,시뮬레이션
501,讨鬼传2,2017,RPG,
502,见证者,2016,퍼즐,解谜
503,The Binding of Isaac: Rebirth,2014,RPG,기타
504,Furion Chronicles,2020,전략,시뮬레이션
505,Backgammon,2014,인디,
506,Harvester,1996,인디,
507,懒人修仙传,2018,퍼즐,기타
508,英雄战姬Gold,,인디,
509,TerraTech,2018,슈팅,飞机
510,抗日：血战上海滩,,슈팅,
511,Mortal Shell,,인디,
512,火车模拟世界2,2020,전략,시뮬레이션
513,shapez.io,2020,전략,시뮬레이션
514,Trainz™ Simulator 12,2011,전략,시뮬레이션
515,7,,인디,
516,九张羊皮纸,2017,RPG,
517,Yoku's Island Express,2018,퍼즐,기타
518,Scorn,,인디,
519,骑士精神2,2015,인디,
520,One Way: The Elevator,2020,퍼즐,解谜
521,SEKIRO:Shadows Die Twice,2019,RPG,
522,选王之剑,2020,인디,
523,the Three Kingdoms of China,2019,전략,
524,Curious Expedition,2016,RPG,
525,Mini Metro,2015,전략,시뮬레이션
526,群星之间,2019,인디,
527,World of Final Fantasy,2018,RPG,
528,Age of Empires: Definitive Edition,2019,전략,
529,红色警戒2兵临城下,,전략,
530,Devil May Cry 2,,액션,격투
531,Tiny Troopers,2012,슈팅,
532,夏娃年代记,,인디,
533,18+,2018,퍼즐,기타
534,DEEMO,,리듬,音乐
535,被尘封的故事,2015,RPG,기타
536,Fight Crab,2020,액션,격투
537,剑为君舞,2020,RPG,기타
538,Spellcaster University,2019,전략,시뮬레이션
539,绿洲计划,2022,RPG,
540,回溯依存,,퍼즐,观察
541,彼岸画廊,2019,인디,
542,Eufloria,2014,인디,
543,Outside,2020,인디,
544,Nightmare (Incubo),,인디,
545,第二次超级机器人大战,,인디,
546,Waking,2020,RPG,
547,Ocean's Heart,2021,RPG,
548,Barotrauma,2019,전략,시뮬레이션
549,Idol Manager,2021,전략,시뮬레이션
550,Tricolour Lovestory,2017,전략,시뮬레이션
551,最后一站,2016,인디,
552,王国与城堡,2017,전략,시뮬레이션
553,Neoverse,2020,전략,卡片
554,Evolution Of JiangHu,2021,전략,시뮬레이션
555,地球防卫军5,2019,슈팅,
556,Babylonia,2019,인디,
557,遗忘之城,,액션,어드벤쳐
558,Animus - Stand Alone,2019,RPG,
559,Super Phantom Cat,2019,액션,어드벤쳐
560,Dealer's Life 2,2020,전략,시뮬레이션
561,Wanba Warriors,2020,액션,격투
562,钢铁收割,2020,슈팅,
563,幻想水浒传2,,인디,
564,I Am Alive,2012,액션,어드벤쳐
565,eSports Legend,2018,전략,시뮬레이션
566,Embr,2020,액션,기타
567,The Room Three,2018,퍼즐,解谜
568,Bladed Fury,2018,액션,플랫폼
569,宇宙沙盒,2015,인디,
570,洛克人11,,액션,기타
571,传奇世界之仗剑天涯H5,2020,RPG,
572,荒神2,2021,액션,격투
573,绝望监牢,2020,인디,
574,Layers of Fear 2,2019,인디,
575,克苏鲁异闻录,2019,인디,
576,Sacrifice of The Spirit,2021,슈팅,
577,Rustler,2021,RPG,
578,命运之手,2015,RPG,기타
579,生活模拟器,2020,전략,시뮬레이션
580,谎言游戏,2018,RPG,기타
581,Superliminal,2020,퍼즐,观察
582,Mech Mechanic Simulator,,전략,시뮬레이션
583,Eldest Souls,2021,RPG,
584,Aztec Empire,,전략,시뮬레이션
585,Onmyoudou - Arcade Edition,2020,인디,
586,反英雄,2017,전략,
587,The Gardens Between,2018,액션,어드벤쳐
588,NBA 2K21,2020,스포츠,篮球
589,Hell Wedding,2020,인디,
590,太空工程师,,인디,
591,ESports Club,2017,전략,시뮬레이션
592,松饼骑士,2014,인디,
593,Botanicula,2012,RPG,기타
594,Bao of Legend,,RPG,
595,人狼村之谜,2017,RPG,기타
596,Lust from Beyond,,액션,기타
597,东方月神夜,2019,인디,
598,Hermitage Strange Case Files,2018,퍼즐,기타
599,A Monster's Expedition,2020,RPG,
600,西游记之大圣归来,2019,RPG,
601,重塑火星,2021,전략,시뮬레이션
602,Leo’s Fortune,2015,인디,
603,超时空方舟,2019,인디,
604,Sun Haven,2021,인디,
605,Industries of Titan,2021,전략,시뮬레이션
606,New Danganronpa V3,2017,퍼즐,
607,伊格利亚战记,2020,RPG,
608,任天堂明星大乱斗特别版,,액션,격투
609,疯狂游戏大亨2,2021,전략,시뮬레이션
610,999,2018,인디,
611,Rememory,2019,퍼즐,기타
612,黑道圣徒2,2009,액션,기타
613,超越光速,2012,인디,
614,Steam Prison,2019,퍼즐,解谜
615,奥伯拉丁的回归,2018,기타,
616,Super Mario Party,,액션,기타
617,弗兰的悲惨之旅,2015,퍼즐,解谜
618,地狱潜者,,슈팅,기타
619,GRIME,,인디,
620,Five Nights at Freddy's 4,2015,인디,
621,Godhood,2020,전략,시뮬레이션
622,Toilet Simulator 2020,2019,전략,시뮬레이션
623,Overseas,2019,인디,
624,熔鉄少女,,슈팅,기타
625,On-looker,2020,RPG,기타
626,Gladio and Glory,2021,액션,기타
627,Exception,,전략,
628,Dreamscaper: Prologue,2020,액션,격투
629,Chernobylite,2019,액션,기타
630,Spiritfarer,,인디,
631,黑暗之心,,RPG,
632,星空列车与白的旅行,2021,퍼즐,기타
633,Pirates Outlaws,2019,전략,기타
634,虚构世界,2021,퍼즐,기타
635,Dead Island：Riptide,2016,슈팅,
636,死亡岛2,,RPG,
637,Troubleshooter,2020,RPG,
638,深渊探索者,,RPG,기타
639, Mysterious world,2021,퍼즐,
640,魔石,2008,인디,
641,Liberated,2020,슈팅,
642,蜘蛛侠3,,액션,어드벤쳐
643,I wanna be the Creator,2019,인디,
644,雪色旅途,,RPG,
645,阿玛拉王国：惩罚重制版,2020,RPG,
646,狼人杀单机版,2019,보드,沟通类
647,决战朝鲜,1999,전략,
648,Run For Cover,2019,전략,
649,淘金热,2017,전략,시뮬레이션
650,魔法洞穴2,2015,인디,
651,Dragon Star Varnir,2019,RPG,
652,众生,2018,전략,시뮬레이션
653,Dungeon Warfare 2,2018,전략,
654,Doom 3,2004,슈팅,
655,Forza Motorsport 8,,레이싱,
656,黑暗之门,2015,인디,
657,Zuma's Revenge!,2009,퍼즐,기타
658,Splendor,2015,전략,기타
659,Fushigi no Gensoukyou: The Tower of Desire,2018,전략,
660,无尽空间2,2017,전략,
661,Silent Hill - Shattered Memories,,RPG,
662,NBA 2K20,2019,스포츠,篮球
663,Killer7,2018,슈팅,
664,凶手不是我,2019,전략,시뮬레이션
665,Nyakori's Rabbit Doll,2020,RPG,기타
666,STARLIT SEASON,2021,전략,시뮬레이션
667,看火人,2016,인디,
668,Hand of Fate 2,2017,RPG,기타
669,Speed Brawl,2018,액션,격투
670,宝石迷阵3,2010,퍼즐,消除
671,被虐的诺艾尔,2018,인디,
672,暗牌,2020,전략,卡片
673,Visage,2020,퍼즐,
674,新美妙世界,2021,인디,
675,Blade of God,2020,RPG,
676,Teardown,2020,인디,
677,Gunpoint,2013,액션,기타
678,EVERSPACE™,2017,슈팅,飞机
679,迷雾之夏,2020,전략,기타
680,Endless Road,2018,전략,卡片
681,Angels of Death,2016,인디,
682,DEVOUR,2021,RPG,
683,Build It,,액션,어드벤쳐
684,Yomawari,2016,RPG,기타
685,星噬,2009,인디,
686,Cris Tales,2021,RPG,
687,Bastion,2011,RPG,기타
688,Trine 2,2013,액션,플랫폼
689,Survival Simulator,2020,인디,
690,White Dove,2019,RPG,
691,战争纪元,2017,인디,
692,Amazing Frog？,2014,액션,기타
693,Rakuen,2017,인디,
694,Lucius,2012,RPG,
695,Legions of Steel,2015,전략,
696,My Friend Pedro,2019,슈팅,
697,Fate/EXTELLA LINK,2019,액션,기타
698,Wushu Chronicles,2019,액션,어드벤쳐
699,石河伦吾的朋友们,,인디,
700,模拟农场2013,2013,전략,시뮬레이션
701,Dicey Dungeons,2019,퍼즐,기타
702,仙剑奇侠传一,1995,RPG,
703,Evil Genome ,2017,RPG,기타
704,连线,,퍼즐,기타
705,格兰蒂亚秘闻,2015,RPG,
706,Build-A-Lot,2007,전략,시뮬레이션
707,6.0,2019,액션,플랫폼
708,MyCompany996,2020,인디,
709,Rain City,2021,퍼즐,观察
710,Tiny Troopers 2,2017,슈팅,
711,Hob,2017,인디,
712,Raksasi,2019,액션,기타
713,Stoneshard,2020,인디,
714,Super Seducer 2 - Advanced Seduction Tactics,2018,RPG,
715,Shadow Corridor,2019,액션,어드벤쳐
716,Hoa,2021,인디,
717,僵尸模拟器,2021,전략,시뮬레이션
718,Age of Wonders: Planetfall,2019,전략,
719,Cat Quest II,2019,RPG,
720,2100,2019,인디,
721,The Beast Inside,2019,액션,기타
722,Dig or Die,2018,액션,어드벤쳐
723,月影之塔,2020,RPG,
724,Agarest: Generations of War,2014,RPG,
725,Yuppie Psycho,2019,RPG,기타
726,Not For Broadcast,2020,전략,시뮬레이션
727,Party Hard 2,2018,전략,기타
728,苍之彼方的四重奏,2019,RPG,
729,库贝尔的枷锁,2020,RPG,
730,风信楼,2020,전략,시뮬레이션
731,Panzer Corps 2,2020,전략,
732,铁血联盟：卷土重来,2011,RPG,기타
733,朗克历险记,2019,액션,어드벤쳐
734,LoveChoice,2018,RPG,기타
735,Five Nights At Freddy's 3,2015,RPG,
736,Kingdoms Reborn,2020,전략,시뮬레이션
737,Destroy All Humans,2020,슈팅,
738,大老爷,2019,RPG,기타
739,Gems of War - Puzzle RPG,2014,퍼즐,消除
740,极速骑行3,2018,레이싱,摩托车
741,I am an Air Traffic Controller 4,2020,인디,
742,金辉恋曲四重奏,2021,전략,시뮬레이션
743,校长模拟器,2021,전략,시뮬레이션
744,巅峰骑士团,2019,RPG,기타
745,言出法随,2021,액션,기타
746,武装突袭2,2009,슈팅,
747,深红之狱的女剑士 - 蒂娜,2019,RPG,기타
748,爱上火车,2020,전략,养成
749,外科模拟2,,인디,
750,Supreme Commander 2,2010,전략,
751,圣三国英杰传,2020,전략,시뮬레이션
752,Frag,2020,전략,시뮬레이션
753,ABZU,2016,액션,기타
754,Generation Zero,2019,액션,어드벤쳐
755,圣骑士露比莉亚丝,2019,인디,
756,Special Warfare,,슈팅,
757,NUTS,2021,전략,시뮬레이션
758,Nightmare Game,2019,퍼즐,
759,死亡直播间,2019,RPG,
760,这是警察2,2018,전략,시뮬레이션
761,Koi,2019,RPG,기타
762,防御阵型2,2014,인디,
763,狂父,2016,RPG,기타
764,末日拾荒者,2014,액션,어드벤쳐
765,Sacred 3,2014,RPG,
766,The Town of Light,2016,RPG,기타
767,The Colonists,2018,전략,시뮬레이션
768,宝可梦：漆黑的魅影,2016,RPG,
769,Project Hospital,2018,전략,시뮬레이션
770,Titan Souls,2015,RPG,
