게임이름,출시연도,url,평점,장르1,장르2,장르3,장르4,장르5,장르6
the legend of zelda ocarina of time 3d,2011,https://www.igdb.com/games/the-legend-of-zelda-ocarina-of-time-3d,92,어드벤쳐,플랫폼,퍼즐,RPG,,
portal 2,2011,https://www.igdb.com/games/portal-2,92,어드벤쳐,플랫폼,퍼즐,슈팅,,
resident evil 4 hd,2011,https://www.igdb.com/games/resident-evil-4-hd,89,어드벤쳐,슈팅,,,,
gemini rue,2011,https://www.igdb.com/games/gemini-rue,88,어드벤쳐,인디,point-and-click,,,
cave story plus  1,2011,https://www.igdb.com/games/cave-story-plus--1,88,어드벤쳐,인디,플랫폼,슈팅,,
the elder scrolls v skyrim,2011,https://www.igdb.com/games/the-elder-scrolls-v-skyrim,88,어드벤쳐,RPG,,,,
batman arkham city,2011,https://www.igdb.com/games/batman-arkham-city,88,어드벤쳐,액션,,,,
dark souls,2011,https://www.igdb.com/games/dark-souls,87,어드벤쳐,액션,RPG,,,
ni no kuni wrath of the white witch,2011,https://www.igdb.com/games/ni-no-kuni-wrath-of-the-white-witch,87,어드벤쳐,RPG,,,,
dead space 2,2011,https://www.igdb.com/games/dead-space-2,86,어드벤쳐,슈팅,,,,
uncharted 3 drake s deception,2011,https://www.igdb.com/games/uncharted-3-drake-s-deception,85,어드벤쳐,플랫폼,슈팅,,,
total war shogun 2,2011,https://www.igdb.com/games/total-war-shogun-2,85,전략,시뮬레이션,,,,
the witcher 2 assassins of kings,2011,https://www.igdb.com/games/the-witcher-2-assassins-of-kings,85,어드벤쳐,RPG,,,,
deus ex human revolution,2011,https://www.igdb.com/games/deus-ex-human-revolution,84,RPG,슈팅,,,,
minecraft,2011,https://www.igdb.com/games/minecraft,84,어드벤쳐,아케이드,시뮬레이션,,,
halo combat evolved anniversary,2011,https://www.igdb.com/games/halo-combat-evolved-anniversary,84,슈팅,,,,,
the binding of isaac,2011,https://www.igdb.com/games/the-binding-of-isaac,84,어드벤쳐,인디,RPG,슈팅,,
infamous 2,2011,https://www.igdb.com/games/infamous-2,84,어드벤쳐,액션,퍼즐,,,
forza motorsport 4,2011,https://www.igdb.com/games/forza-motorsport-4,83,레이싱,시뮬레이션,스포츠,,,
l a noire,2011,https://www.igdb.com/games/l-a-noire,83,어드벤쳐,전략,,,,
bastion,2011,https://www.igdb.com/games/bastion,83,어드벤쳐,인디,RPG,,,
rayman origins,2011,https://www.igdb.com/games/rayman-origins,83,어드벤쳐,플랫폼,,,,
littlebigplanet 2,2011,https://www.igdb.com/games/littlebigplanet-2,83,어드벤쳐,플랫폼,퍼즐,,,
the legend of zelda skyward sword,2011,https://www.igdb.com/games/the-legend-of-zelda-skyward-sword,82,어드벤쳐,플랫폼,퍼즐,RPG,,
mario kart 7,2011,https://www.igdb.com/games/mario-kart-7,82,레이싱,,,,,
gears of war 3,2011,https://www.igdb.com/games/gears-of-war-3,82,슈팅,,,,,
mortal kombat,2011,https://www.igdb.com/games/mortal-kombat,82,격투,,,,,
super mario 3d land,2011,https://www.igdb.com/games/super-mario-3d-land,81,플랫폼,,,,,
to the moon,2011,https://www.igdb.com/games/to-the-moon,81,어드벤쳐,인디,,,,
terraria,2011,https://www.igdb.com/games/terraria,81,어드벤쳐,인디,플랫폼,RPG,시뮬레이션,전략
battlefield 3,2011,https://www.igdb.com/games/battlefield-3,81,슈팅,,,,,
bulletstorm,2011,https://www.igdb.com/games/bulletstorm,80,슈팅,,,,,
tropico 4,2011,https://www.igdb.com/games/tropico-4,80,전략,시뮬레이션,,,,
resistance 3,2011,https://www.igdb.com/games/resistance-3,80,슈팅,,,,,
need for speed shift 2 unleashed,2011,https://www.igdb.com/games/need-for-speed-shift-2-unleashed,79,레이싱,시뮬레이션,,,,
catherine,2011,https://www.igdb.com/games/catherine,78,어드벤쳐,플랫폼,퍼즐,,,
saints row the third,2011,https://www.igdb.com/games/saints-row-the-third,78,어드벤쳐,레이싱,슈팅,,,
crysis 2,2011,https://www.igdb.com/games/crysis-2,78,어드벤쳐,슈팅,,,,
dirt 3,2011,https://www.igdb.com/games/dirt-3,77,레이싱,스포츠,,,,
lego pirates of the caribbean,2011,https://www.igdb.com/games/lego-pirates-of-the-caribbean,77,어드벤쳐,퍼즐,,,,
world of tanks,2011,https://www.igdb.com/games/world-of-tanks,77,아케이드,슈팅,시뮬레이션,전략,,
killzone 3,2011,https://www.igdb.com/games/killzone-3,77,슈팅,,,,,
assassin s creed revelations,2011,https://www.igdb.com/games/assassin-s-creed-revelations,77,어드벤쳐,,,,,
superbrothers sword sworcery ep,2011,https://www.igdb.com/games/superbrothers-sword-sworcery-ep,77,어드벤쳐,인디,point-and-click,RPG,,
trine 2,2011,https://www.igdb.com/games/trine-2,76,어드벤쳐,인디,플랫폼,퍼즐,,
sonic generations,2011,https://www.igdb.com/games/sonic-generations,76,어드벤쳐,플랫폼,,,,
warhammer 40 000 space marine,2011,https://www.igdb.com/games/warhammer-40-000-space-marine,76,RPG,슈팅,,,,
ultimate marvel vs capcom 3,2011,https://www.igdb.com/games/ultimate-marvel-vs-capcom-3,76,격투,,,,,
driver san francisco,2011,https://www.igdb.com/games/driver-san-francisco,76,레이싱,,,,,
star wars the old republic,2011,https://www.igdb.com/games/star-wars-the-old-republic,75,RPG,,,,,
anno 2070,2011,https://www.igdb.com/games/anno-2070,75,전략,시뮬레이션,,,,
lego harry potter years 5 7,2011,https://www.igdb.com/games/lego-harry-potter-years-5-7,74,어드벤쳐,플랫폼,퍼즐,,,
dragon age ii,2011,https://www.igdb.com/games/dragon-age-ii,74,어드벤쳐,RPG,,,,
fifa 12,2011,https://www.igdb.com/games/fifa-12,74,시뮬레이션,스포츠,,,,
might magic heroes vi,2011,https://www.igdb.com/games/might-magic-heroes-vi,73,RPG,전략,,,,
tekken tag tournament 2,2011,https://www.igdb.com/games/tekken-tag-tournament-2,73,격투,,,,,
lego star wars iii the clone wars,2011,https://www.igdb.com/games/lego-star-wars-iii-the-clone-wars,73,어드벤쳐,플랫폼,,,,
rage,2011,https://www.igdb.com/games/rage,73,레이싱,슈팅,,,,
alice madness returns,2011,https://www.igdb.com/games/alice-madness-returns,73,어드벤쳐,액션,플랫폼,,,
orcs must die  1,2011,https://www.igdb.com/games/orcs-must-die--1,72,인디,슈팅,전략,,,
call of duty modern warfare 3,2011,https://www.igdb.com/games/call-of-duty-modern-warfare-3,72,어드벤쳐,슈팅,전략,,,
magicka,2011,https://www.igdb.com/games/magicka,72,어드벤쳐,인디,RPG,전략,,
uncharted golden abyss,2011,https://www.igdb.com/games/uncharted-golden-abyss,72,어드벤쳐,플랫폼,슈팅,,,
final fantasy xiii 2,2011,https://www.igdb.com/games/final-fantasy-xiii-2,71,어드벤쳐,RPG,,,,
dead island,2011,https://www.igdb.com/games/dead-island,71,액션,슈팅,,,,
red faction armageddon,2011,https://www.igdb.com/games/red-faction-armageddon,71,슈팅,,,,,
serious sam 3 bfe,2011,https://www.igdb.com/games/serious-sam-3-bfe,70,인디,슈팅,,,,
the lord of the rings war in the north,2011,https://www.igdb.com/games/the-lord-of-the-rings-war-in-the-north,70,어드벤쳐,액션,RPG,전략,,
payday the heist,2011,https://www.igdb.com/games/payday-the-heist,70,슈팅,,,,,
f e a r 3,2011,https://www.igdb.com/games/f-e-a-r-3,69,어드벤쳐,슈팅,,,,
homefront,2011,https://www.igdb.com/games/homefront,69,슈팅,,,,,
need for speed the run,2011,https://www.igdb.com/games/need-for-speed-the-run,68,레이싱,,,,,
tera,2011,https://www.igdb.com/games/tera,66,어드벤쳐,RPG,,,,
duke nukem forever,2011,https://www.igdb.com/games/duke-nukem-forever,57,어드벤쳐,슈팅,,,,
brink,2011,https://www.igdb.com/games/brink,40,슈팅,,,,,
mass effect trilogy,2012,https://www.igdb.com/games/mass-effect-trilogy,100,RPG,슈팅,,,,
the cat lady,2012,https://www.igdb.com/games/the-cat-lady,97,어드벤쳐,인디,point-and-click,,,
persona 4 golden,2012,https://www.igdb.com/games/persona-4-golden,96,어드벤쳐,RPG,시뮬레이션,스포츠,visual-novel,
zero escape virtue s last reward,2012,https://www.igdb.com/games/zero-escape-virtue-s-last-reward,89,어드벤쳐,point-and-click,퍼즐,전략,visual-novel,
dark souls prepare to die edition,2012,https://www.igdb.com/games/dark-souls-prepare-to-die-edition,88,어드벤쳐,액션,RPG,,,
spelunky,2012,https://www.igdb.com/games/spelunky,88,어드벤쳐,인디,플랫폼,,,
okami hd,2012,https://www.igdb.com/games/okami-hd,87,어드벤쳐,RPG,,,,
journey,2012,https://www.igdb.com/games/journey,87,어드벤쳐,인디,플랫폼,,,
fire emblem awakening,2012,https://www.igdb.com/games/fire-emblem-awakening,86,어드벤쳐,RPG,전략,,,
mass effect 3,2012,https://www.igdb.com/games/mass-effect-3,86,어드벤쳐,RPG,슈팅,,,
the walking dead season one,2012,https://www.igdb.com/games/the-walking-dead-season-one,86,어드벤쳐,point-and-click,,,,
animal crossing new leaf,2012,https://www.igdb.com/games/animal-crossing-new-leaf,85,시뮬레이션,,,,,
danganronpa 2 goodbye despair,2012,https://www.igdb.com/games/danganronpa-2-goodbye-despair,85,어드벤쳐,리듬,슈팅,visual-novel,,
borderlands 2,2012,https://www.igdb.com/games/borderlands-2,85,RPG,슈팅,,,,
dishonored,2012,https://www.igdb.com/games/dishonored,85,어드벤쳐,,,,,
crusader kings ii,2012,https://www.igdb.com/games/crusader-kings-ii,85,RPG,시뮬레이션,전략,,,
mark of the ninja,2012,https://www.igdb.com/games/mark-of-the-ninja,85,어드벤쳐,인디,플랫폼,,,
ftl faster than light,2012,https://www.igdb.com/games/ftl-faster-than-light,85,인디,시뮬레이션,전략,,,
forza horizon,2012,https://www.igdb.com/games/forza-horizon,85,레이싱,,,,,
chaos on deponia,2012,https://www.igdb.com/games/chaos-on-deponia,85,어드벤쳐,인디,point-and-click,퍼즐,,
far cry 3,2012,https://www.igdb.com/games/far-cry-3,84,어드벤쳐,슈팅,,,,
hotline miami,2012,https://www.igdb.com/games/hotline-miami,84,인디,슈팅,,,,
pokemon black version 2,2012,https://www.igdb.com/games/pokemon-black-version-2,83,어드벤쳐,RPG,전략,,,
xcom enemy unknown,2012,https://www.igdb.com/games/xcom-enemy-unknown,83,RPG,전략,,,,
max payne 3,2012,https://www.igdb.com/games/max-payne-3,82,슈팅,,,,,
counter strike global offensive,2012,https://www.igdb.com/games/counter-strike-global-offensive,82,슈팅,전략,,,,
spec ops the line,2012,https://www.igdb.com/games/spec-ops-the-line,82,어드벤쳐,슈팅,,,,
the room  1,2012,https://www.igdb.com/games/the-room--1,81,어드벤쳐,인디,point-and-click,퍼즐,,
sleeping dogs,2012,https://www.igdb.com/games/sleeping-dogs,81,어드벤쳐,슈팅,,,,
pokemon white version 2,2012,https://www.igdb.com/games/pokemon-white-version-2,81,어드벤쳐,RPG,전략,,,
kid icarus uprising,2012,https://www.igdb.com/games/kid-icarus-uprising,81,액션,슈팅,,,,
guild wars 2,2012,https://www.igdb.com/games/guild-wars-2,80,RPG,,,,,
gravity rush,2012,https://www.igdb.com/games/gravity-rush,80,어드벤쳐,RPG,,,,
euro truck simulator 2,2012,https://www.igdb.com/games/euro-truck-simulator-2,80,인디,레이싱,시뮬레이션,,,
sonic all stars racing transformed,2012,https://www.igdb.com/games/sonic-all-stars-racing-transformed,80,레이싱,스포츠,,,,
fez,2012,https://www.igdb.com/games/fez,80,어드벤쳐,인디,플랫폼,퍼즐,,
super hexagon,2012,https://www.igdb.com/games/super-hexagon,80,아케이드,인디,리듬,,,
the unfinished swan,2012,https://www.igdb.com/games/the-unfinished-swan,80,어드벤쳐,인디,퍼즐,,,
halo 4,2012,https://www.igdb.com/games/halo-4,79,슈팅,,,,,
legend of grimrock,2012,https://www.igdb.com/games/legend-of-grimrock,79,어드벤쳐,인디,퍼즐,RPG,,
diablo iii,2012,https://www.igdb.com/games/diablo-iii,78,어드벤쳐,액션,RPG,,,
binary domain,2012,https://www.igdb.com/games/binary-domain,78,슈팅,,,,,
torchlight ii,2012,https://www.igdb.com/games/torchlight-ii,78,어드벤쳐,액션,인디,RPG,,
botanicula,2012,https://www.igdb.com/games/botanicula,78,어드벤쳐,인디,point-and-click,퍼즐,,
darksiders ii,2012,https://www.igdb.com/games/darksiders-ii,77,어드벤쳐,액션,RPG,,,
dust an elysian tail,2012,https://www.igdb.com/games/dust-an-elysian-tail,77,어드벤쳐,액션,인디,플랫폼,RPG,
skullgirls,2012,https://www.igdb.com/games/skullgirls,77,아케이드,격투,인디,,,
new super mario bros u,2012,https://www.igdb.com/games/new-super-mario-bros-u,77,어드벤쳐,플랫폼,,,,
deponia,2012,https://www.igdb.com/games/deponia,77,어드벤쳐,인디,point-and-click,,,
the darkness ii,2012,https://www.igdb.com/games/the-darkness-ii,77,슈팅,,,,,
kingdoms of amalur reckoning,2012,https://www.igdb.com/games/kingdoms-of-amalur-reckoning,77,액션,RPG,,,,
hitman absolution,2012,https://www.igdb.com/games/hitman-absolution,76,슈팅,전략,,,,
game dev tycoon,2012,https://www.igdb.com/games/game-dev-tycoon,76,인디,시뮬레이션,전략,,,
risen 2 dark waters,2012,https://www.igdb.com/games/risen-2-dark-waters,75,RPG,,,,,
fifa 13,2012,https://www.igdb.com/games/fifa-13,75,시뮬레이션,스포츠,,,,
need for speed most wanted 53b9fef3 adb4 41a0 8ca0 ffcbb0060467,2012,https://www.igdb.com/games/need-for-speed-most-wanted-53b9fef3-adb4-41a0-8ca0-ffcbb0060467,75,어드벤쳐,레이싱,,,,
lego the lord of the rings,2012,https://www.igdb.com/games/lego-the-lord-of-the-rings,74,어드벤쳐,,,,,
resident evil revelations,2012,https://www.igdb.com/games/resident-evil-revelations,74,어드벤쳐,슈팅,,,,
orcs must die 2,2012,https://www.igdb.com/games/orcs-must-die-2,74,어드벤쳐,인디,플랫폼,슈팅,전략,
street fighter x tekken,2012,https://www.igdb.com/games/street-fighter-x-tekken,74,아케이드,격투,,,,
lego batman 2 dc super heroes,2012,https://www.igdb.com/games/lego-batman-2-dc-super-heroes,74,어드벤쳐,플랫폼,,,,
planetside 2,2012,https://www.igdb.com/games/planetside-2,73,RPG,슈팅,전략,,,
assassin s creed iii,2012,https://www.igdb.com/games/assassin-s-creed-iii,73,어드벤쳐,전략,,,,
tom clancy s ghost recon future soldier,2012,https://www.igdb.com/games/tom-clancy-s-ghost-recon-future-soldier,73,어드벤쳐,슈팅,,,,
call of duty black ops ii,2012,https://www.igdb.com/games/call-of-duty-black-ops-ii,73,슈팅,,,,,
new super mario bros 2,2012,https://www.igdb.com/games/new-super-mario-bros-2,72,어드벤쳐,플랫폼,,,,
scribblenauts unlimited,2012,https://www.igdb.com/games/scribblenauts-unlimited,72,어드벤쳐,플랫폼,퍼즐,전략,,
little inferno,2012,https://www.igdb.com/games/little-inferno,72,어드벤쳐,인디,퍼즐,시뮬레이션,,
dear esther,2012,https://www.igdb.com/games/dear-esther,72,어드벤쳐,인디,,,,
dragon s dogma,2012,https://www.igdb.com/games/dragon-s-dogma,72,액션,RPG,,,,
sniper elite v2,2012,https://www.igdb.com/games/sniper-elite-v2,71,슈팅,전략,,,,
plague inc,2012,https://www.igdb.com/games/plague-inc,71,전략,시뮬레이션,,,,
the cave,2012,https://www.igdb.com/games/the-cave,71,어드벤쳐,플랫폼,퍼즐,스포츠,,
pro evolution soccer 2013,2012,https://www.igdb.com/games/pro-evolution-soccer-2013,71,스포츠,,,,,
lollipop chainsaw,2012,https://www.igdb.com/games/lollipop-chainsaw,70,액션,,,,,
prototype 2,2012,https://www.igdb.com/games/prototype-2,70,어드벤쳐,액션,플랫폼,,,
syndicate  3,2012,https://www.igdb.com/games/syndicate--3,70,슈팅,,,,,
thomas was alone,2012,https://www.igdb.com/games/thomas-was-alone,70,어드벤쳐,인디,플랫폼,퍼즐,전략,
deadlight,2012,https://www.igdb.com/games/deadlight,69,어드벤쳐,인디,플랫폼,퍼즐,,
soulcalibur v,2012,https://www.igdb.com/games/soulcalibur-v,69,아케이드,격투,시뮬레이션,전략,,
clash of clans,2012,https://www.igdb.com/games/clash-of-clans,68,전략,,,,,
resident evil 6,2012,https://www.igdb.com/games/resident-evil-6,68,어드벤쳐,슈팅,,,,
the amazing spider man,2012,https://www.igdb.com/games/the-amazing-spider-man,68,어드벤쳐,액션,,,,
chivalry medieval warfare,2012,https://www.igdb.com/games/chivalry-medieval-warfare,67,격투,액션,인디,,,
alan wake s american nightmare,2012,https://www.igdb.com/games/alan-wake-s-american-nightmare,67,어드벤쳐,슈팅,,,,
i am alive,2012,https://www.igdb.com/games/i-am-alive,66,어드벤쳐,플랫폼,,,,
playstation all stars battle royale,2012,https://www.igdb.com/games/playstation-all-stars-battle-royale,64,격투,플랫폼,,,,
medal of honor warfighter,2012,https://www.igdb.com/games/medal-of-honor-warfighter,63,슈팅,,,,,
assassin s creed iii liberation,2012,https://www.igdb.com/games/assassin-s-creed-iii-liberation,60,어드벤쳐,액션,전략,,,
assassins creed liberation hd,2012,https://www.igdb.com/games/assassins-creed-liberation-hd,59,어드벤쳐,,,,,
resident evil operation raccoon city,2012,https://www.igdb.com/games/resident-evil-operation-raccoon-city,53,어드벤쳐,슈팅,,,,
the last of us,2013,https://www.igdb.com/games/the-last-of-us,94,어드벤쳐,슈팅,,,,
deus ex human revolution directors cut,2013,https://www.igdb.com/games/deus-ex-human-revolution-directors-cut,91,어드벤쳐,RPG,슈팅,,,
grand theft auto v,2013,https://www.igdb.com/games/grand-theft-auto-v,90,어드벤쳐,슈팅,,,,
the legend of zelda the wind waker hd,2013,https://www.igdb.com/games/the-legend-of-zelda-the-wind-waker-hd,90,어드벤쳐,플랫폼,퍼즐,RPG,,
the legend of zelda a link between worlds,2013,https://www.igdb.com/games/the-legend-of-zelda-a-link-between-worlds,88,어드벤쳐,퍼즐,RPG,,,
europa universalis iv,2013,https://www.igdb.com/games/europa-universalis-iv,88,전략,시뮬레이션,,,,
starcraft ii heart of the swarm,2013,https://www.igdb.com/games/starcraft-ii-heart-of-the-swarm,87,전략,,,,,
bioshock infinite,2013,https://www.igdb.com/games/bioshock-infinite,86,어드벤쳐,슈팅,,,,
rayman legends,2013,https://www.igdb.com/games/rayman-legends,86,어드벤쳐,플랫폼,,,,
super mario 3d world,2013,https://www.igdb.com/games/super-mario-3d-world,85,어드벤쳐,플랫폼,,,,
age of empires ii hd edition,2013,https://www.igdb.com/games/age-of-empires-ii-hd-edition,85,전략,,,,,
resogun,2013,https://www.igdb.com/games/resogun,85,슈팅,,,,,
the wolf among us,2013,https://www.igdb.com/games/the-wolf-among-us,84,어드벤쳐,point-and-click,,,,
the stanley parable,2013,https://www.igdb.com/games/the-stanley-parable,84,어드벤쳐,인디,,,,
gran turismo 6,2013,https://www.igdb.com/games/gran-turismo-6,84,레이싱,시뮬레이션,스포츠,,,
tagpro,2013,https://www.igdb.com/games/tagpro,83,아케이드,인디,,,,
gunpoint,2013,https://www.igdb.com/games/gunpoint,83,어드벤쳐,인디,플랫폼,퍼즐,전략,
final fantasy x slash x 2 hd remaster,2013,https://www.igdb.com/games/final-fantasy-x-slash-x-2-hd-remaster,83,RPG,전략,,,,
goodbye deponia,2013,https://www.igdb.com/games/goodbye-deponia,83,어드벤쳐,인디,point-and-click,퍼즐,,
tomb raider  2,2013,https://www.igdb.com/games/tomb-raider--2,83,어드벤쳐,플랫폼,퍼즐,슈팅,,
assassin s creed iv black flag,2013,https://www.igdb.com/games/assassin-s-creed-iv-black-flag,83,어드벤쳐,플랫폼,,,,
metro last light,2013,https://www.igdb.com/games/metro-last-light,82,슈팅,,,,,
tom clancy s splinter cell blacklist,2013,https://www.igdb.com/games/tom-clancy-s-splinter-cell-blacklist,82,어드벤쳐,슈팅,전략,,,
brothers a tale of two sons,2013,https://www.igdb.com/games/brothers-a-tale-of-two-sons,82,어드벤쳐,인디,퍼즐,,,
path of exile,2013,https://www.igdb.com/games/path-of-exile,82,어드벤쳐,액션,인디,RPG,,
final fantasy xiv online  1,2013,https://www.igdb.com/games/final-fantasy-xiv-online--1,82,어드벤쳐,RPG,전략,,,
papers please,2013,https://www.igdb.com/games/papers-please,81,인디,point-and-click,퍼즐,RPG,시뮬레이션,
pokemon y,2013,https://www.igdb.com/games/pokemon-y,80,어드벤쳐,RPG,전략,,,
dragons dogma dark arisen,2013,https://www.igdb.com/games/dragons-dogma-dark-arisen,80,어드벤쳐,RPG,,,,
dota 2,2013,https://www.igdb.com/games/dota-2,80,moba,전략,,,,
antichamber,2013,https://www.igdb.com/games/antichamber,80,어드벤쳐,인디,플랫폼,퍼즐,,
company of heroes 2,2013,https://www.igdb.com/games/company-of-heroes-2,80,전략,시뮬레이션,,,,
the walking dead season two,2013,https://www.igdb.com/games/the-walking-dead-season-two,80,어드벤쳐,point-and-click,퍼즐,,,
the room two,2013,https://www.igdb.com/games/the-room-two,79,어드벤쳐,인디,퍼즐,,,
guacamelee,2013,https://www.igdb.com/games/guacamelee,79,액션,인디,플랫폼,전략,,
the swapper,2013,https://www.igdb.com/games/the-swapper,79,어드벤쳐,인디,플랫폼,퍼즐,전략,
lego marvel super heroes,2013,https://www.igdb.com/games/lego-marvel-super-heroes,79,어드벤쳐,액션,퍼즐,,,
metal gear rising revengeance,2013,https://www.igdb.com/games/metal-gear-rising-revengeance,79,어드벤쳐,액션,슈팅,전략,,
far cry 3 blood dragon,2013,https://www.igdb.com/games/far-cry-3-blood-dragon,79,어드벤쳐,슈팅,,,,
pokemon x,2013,https://www.igdb.com/games/pokemon-x,79,어드벤쳐,RPG,전략,,,
sly cooper thieves in time,2013,https://www.igdb.com/games/sly-cooper-thieves-in-time,78,어드벤쳐,플랫폼,,,,
luigi s mansion dark moon,2013,https://www.igdb.com/games/luigi-s-mansion-dark-moon,78,어드벤쳐,,,,,
call of juarez gunslinger,2013,https://www.igdb.com/games/call-of-juarez-gunslinger,78,어드벤쳐,아케이드,슈팅,,,
shadow warrior 4a585c08 b9c8 4f94 9bed 4461ac7e6a4c,2013,https://www.igdb.com/games/shadow-warrior-4a585c08-b9c8-4f94-9bed-4461ac7e6a4c,78,어드벤쳐,슈팅,,,,
risk of rain,2013,https://www.igdb.com/games/risk-of-rain,78,어드벤쳐,액션,인디,플랫폼,RPG,
outlast,2013,https://www.igdb.com/games/outlast,77,어드벤쳐,인디,,,,
battleblock theater,2013,https://www.igdb.com/games/battleblock-theater,77,어드벤쳐,인디,플랫폼,퍼즐,,
ducktales remastered,2013,https://www.igdb.com/games/ducktales-remastered,77,어드벤쳐,플랫폼,,,,
rogue legacy,2013,https://www.igdb.com/games/rogue-legacy,77,어드벤쳐,아케이드,인디,플랫폼,RPG,
arma 3,2013,https://www.igdb.com/games/arma-3,77,슈팅,시뮬레이션,전략,,,
warframe,2013,https://www.igdb.com/games/warframe,76,어드벤쳐,RPG,슈팅,,,
dmc devil may cry,2013,https://www.igdb.com/games/dmc-devil-may-cry,76,어드벤쳐,액션,,,,
total war rome ii,2013,https://www.igdb.com/games/total-war-rome-ii,76,전략,RPG,,,,
shadowrun returns,2013,https://www.igdb.com/games/shadowrun-returns,76,어드벤쳐,인디,RPG,전략,,
don t starve,2013,https://www.igdb.com/games/don-t-starve,76,어드벤쳐,인디,시뮬레이션,,,
7 days to die,2013,https://www.igdb.com/games/7-days-to-die,76,어드벤쳐,인디,RPG,슈팅,시뮬레이션,전략
battlefield 4,2013,https://www.igdb.com/games/battlefield-4,76,슈팅,,,,,
naruto shippuden ultimate ninja storm 3,2013,https://www.igdb.com/games/naruto-shippuden-ultimate-ninja-storm-3,76,격투,,,,,
kentucky route zero,2013,https://www.igdb.com/games/kentucky-route-zero,76,어드벤쳐,인디,point-and-click,,,
war thunder,2013,https://www.igdb.com/games/war-thunder,76,시뮬레이션,전략,,,,
state of decay,2013,https://www.igdb.com/games/state-of-decay,76,어드벤쳐,RPG,슈팅,시뮬레이션,전략,
batman arkham origins,2013,https://www.igdb.com/games/batman-arkham-origins,75,어드벤쳐,격투,액션,,,
god of war ascension,2013,https://www.igdb.com/games/god-of-war-ascension,75,어드벤쳐,액션,,,,
saints row iv,2013,https://www.igdb.com/games/saints-row-iv,75,어드벤쳐,슈팅,,,,
crysis 3,2013,https://www.igdb.com/games/crysis-3,75,어드벤쳐,슈팅,전략,,,
fifa 14,2013,https://www.igdb.com/games/fifa-14,75,스포츠,,,,,
phoenix wright ace attorney dual destinies,2013,https://www.igdb.com/games/phoenix-wright-ace-attorney-dual-destinies,75,어드벤쳐,퍼즐,visual-novel,,,
grid 2,2013,https://www.igdb.com/games/grid-2,74,레이싱,시뮬레이션,스포츠,,,
gone home,2013,https://www.igdb.com/games/gone-home,74,어드벤쳐,인디,point-and-click,,,
dead space 3,2013,https://www.igdb.com/games/dead-space-3,74,어드벤쳐,슈팅,,,,
payday 2,2013,https://www.igdb.com/games/payday-2,74,RPG,슈팅,전략,,,
beyond two souls,2013,https://www.igdb.com/games/beyond-two-souls,73,어드벤쳐,,,,,
steamworld dig,2013,https://www.igdb.com/games/steamworld-dig,73,어드벤쳐,인디,플랫폼,퍼즐,,
remember me,2013,https://www.igdb.com/games/remember-me,73,어드벤쳐,플랫폼,,,,
injustice gods among us,2013,https://www.igdb.com/games/injustice-gods-among-us,73,어드벤쳐,격투,,,,
bravely default,2013,https://www.igdb.com/games/bravely-default,72,어드벤쳐,RPG,,,,
race the sun,2013,https://www.igdb.com/games/race-the-sun,72,아케이드,인디,플랫폼,레이싱,,
plants vs zombies 2 it s about time,2013,https://www.igdb.com/games/plants-vs-zombies-2-it-s-about-time,72,어드벤쳐,전략,,,,
ryse son of rome,2013,https://www.igdb.com/games/ryse-son-of-rome,71,어드벤쳐,액션,,,,
simcity  1,2013,https://www.igdb.com/games/simcity--1,71,시뮬레이션,전략,,,,
the bridge,2013,https://www.igdb.com/games/the-bridge,71,어드벤쳐,아케이드,인디,플랫폼,퍼즐,전략
assassins creed freedom cry,2013,https://www.igdb.com/games/assassins-creed-freedom-cry,70,어드벤쳐,격투,,,,
deadpool,2013,https://www.igdb.com/games/deadpool,70,어드벤쳐,액션,슈팅,,,
gears of war judgment,2013,https://www.igdb.com/games/gears-of-war-judgment,70,슈팅,,,,,
killzone shadow fall,2013,https://www.igdb.com/games/killzone-shadow-fall,70,슈팅,,,,,
lightning returns final fantasy xiii,2013,https://www.igdb.com/games/lightning-returns-final-fantasy-xiii,69,RPG,,,,,
evoland,2013,https://www.igdb.com/games/evoland,68,어드벤쳐,인디,RPG,,,
dead rising 3,2013,https://www.igdb.com/games/dead-rising-3,68,어드벤쳐,RPG,스포츠,,,
dead island riptide,2013,https://www.igdb.com/games/dead-island-riptide,68,액션,RPG,슈팅,,,
need for speed rivals,2013,https://www.igdb.com/games/need-for-speed-rivals,67,어드벤쳐,레이싱,,,,
amnesia a machine for pigs,2013,https://www.igdb.com/games/amnesia-a-machine-for-pigs,66,어드벤쳐,인디,퍼즐,,,
call of duty ghosts,2013,https://www.igdb.com/games/call-of-duty-ghosts,65,슈팅,,,,,
knack,2013,https://www.igdb.com/games/knack,61,어드벤쳐,플랫폼,,,,
sniper ghost warrior 2,2013,https://www.igdb.com/games/sniper-ghost-warrior-2,59,슈팅,전략,,,,
the bureau xcom declassified,2013,https://www.igdb.com/games/the-bureau-xcom-declassified,58,슈팅,전략,,,,
killer is dead,2013,https://www.igdb.com/games/killer-is-dead,57,,,,,,
contrast,2013,https://www.igdb.com/games/contrast,52,어드벤쳐,인디,플랫폼,퍼즐,,
aliens colonial marines,2013,https://www.igdb.com/games/aliens-colonial-marines,47,슈팅,,,,,
the last of us remastered,2014,https://www.igdb.com/games/the-last-of-us-remastered,95,어드벤쳐,슈팅,,,,
lisa,2014,https://www.igdb.com/games/lisa,94,어드벤쳐,인디,RPG,,,
bayonetta 2,2014,https://www.igdb.com/games/bayonetta-2,91,액션,,,,,
mario kart 8,2014,https://www.igdb.com/games/mario-kart-8,88,레이싱,스포츠,,,,
the binding of isaac rebirth,2014,https://www.igdb.com/games/the-binding-of-isaac-rebirth,88,어드벤쳐,아케이드,RPG,슈팅,,
the talos principle,2014,https://www.igdb.com/games/the-talos-principle,87,어드벤쳐,인디,퍼즐,,,
duck game,2014,https://www.igdb.com/games/duck-game,87,아케이드,인디,플랫폼,슈팅,,
the banner saga,2014,https://www.igdb.com/games/the-banner-saga,87,인디,RPG,전략,,,
pt,2014,https://www.igdb.com/games/pt,86,어드벤쳐,퍼즐,,,,
shovel knight,2014,https://www.igdb.com/games/shovel-knight,86,어드벤쳐,인디,플랫폼,,,
halo the master chief collection,2014,https://www.igdb.com/games/halo-the-master-chief-collection,86,슈팅,,,,,
divinity original sin,2014,https://www.igdb.com/games/divinity-original-sin,86,어드벤쳐,인디,RPG,전략,,
tales from the borderlands,2014,https://www.igdb.com/games/tales-from-the-borderlands,85,어드벤쳐,,,,,
alien isolation,2014,https://www.igdb.com/games/alien-isolation,85,어드벤쳐,,,,,
south park the stick of truth,2014,https://www.igdb.com/games/south-park-the-stick-of-truth,85,어드벤쳐,RPG,전략,,,
super smash bros for wii u,2014,https://www.igdb.com/games/super-smash-bros-for-wii-u,84,격투,플랫폼,스포츠,,,
shantae and the pirates curse,2014,https://www.igdb.com/games/shantae-and-the-pirates-curse,84,어드벤쳐,인디,플랫폼,RPG,,
metro redux,2014,https://www.igdb.com/games/metro-redux,84,RPG,슈팅,,,,
dragon age inquisition,2014,https://www.igdb.com/games/dragon-age-inquisition,84,어드벤쳐,RPG,전략,,,
donkey kong country tropical freeze,2014,https://www.igdb.com/games/donkey-kong-country-tropical-freeze,83,플랫폼,,,,,
child of light,2014,https://www.igdb.com/games/child-of-light,83,RPG,,,,,
wolfenstein the new order,2014,https://www.igdb.com/games/wolfenstein-the-new-order,82,어드벤쳐,슈팅,,,,
valiant hearts the great war,2014,https://www.igdb.com/games/valiant-hearts-the-great-war,82,어드벤쳐,인디,플랫폼,퍼즐,,
transistor,2014,https://www.igdb.com/games/transistor,82,어드벤쳐,인디,RPG,전략,,
pokemon omega ruby,2014,https://www.igdb.com/games/pokemon-omega-ruby,82,어드벤쳐,RPG,전략,,,
captain toad treasure tracker,2014,https://www.igdb.com/games/captain-toad-treasure-tracker,82,어드벤쳐,플랫폼,퍼즐,전략,,
guacamelee super turbo championship edition,2014,https://www.igdb.com/games/guacamelee-super-turbo-championship-edition,82,어드벤쳐,액션,인디,플랫폼,,
forza horizon 2,2014,https://www.igdb.com/games/forza-horizon-2,82,레이싱,시뮬레이션,,,,
dreamfall chapters,2014,https://www.igdb.com/games/dreamfall-chapters,82,어드벤쳐,인디,,,,
sunset overdrive,2014,https://www.igdb.com/games/sunset-overdrive,81,어드벤쳐,플랫폼,슈팅,,,
nidhogg,2014,https://www.igdb.com/games/nidhogg,81,격투,인디,스포츠,,,
pokemon alpha sapphire,2014,https://www.igdb.com/games/pokemon-alpha-sapphire,81,어드벤쳐,RPG,전략,,,
fable anniversary,2014,https://www.igdb.com/games/fable-anniversary,81,어드벤쳐,RPG,,,,
this war of mine,2014,https://www.igdb.com/games/this-war-of-mine,81,어드벤쳐,인디,시뮬레이션,전략,,
middle earth shadow of mordor,2014,https://www.igdb.com/games/middle-earth-shadow-of-mordor,80,어드벤쳐,액션,RPG,,,
elite dangerous,2014,https://www.igdb.com/games/elite-dangerous,80,어드벤쳐,인디,RPG,시뮬레이션,전략,
sherlock holmes crimes punishments,2014,https://www.igdb.com/games/sherlock-holmes-crimes-punishments,80,어드벤쳐,퍼즐,,,,
titanfall,2014,https://www.igdb.com/games/titanfall,80,슈팅,,,,,
dark souls ii,2014,https://www.igdb.com/games/dark-souls-ii,80,어드벤쳐,RPG,,,,
hearthstone,2014,https://www.igdb.com/games/hearthstone,80,보드,전략,,,,
metro last light redux,2014,https://www.igdb.com/games/metro-last-light-redux,79,RPG,슈팅,,,,
infamous second son,2014,https://www.igdb.com/games/infamous-second-son,79,어드벤쳐,플랫폼,슈팅,,,
insurgency,2014,https://www.igdb.com/games/insurgency,77,인디,슈팅,전략,,,
a bird story,2014,https://www.igdb.com/games/a-bird-story,77,어드벤쳐,인디,,,,
trials fusion,2014,https://www.igdb.com/games/trials-fusion,76,아케이드,플랫폼,레이싱,스포츠,,
far cry 4,2014,https://www.igdb.com/games/far-cry-4,76,어드벤쳐,슈팅,전략,,,
the vanishing of ethan carter,2014,https://www.igdb.com/games/the-vanishing-of-ethan-carter,76,어드벤쳐,인디,전략,,,
super smash bros for nintendo 3ds,2014,https://www.igdb.com/games/super-smash-bros-for-nintendo-3ds,76,격투,,,,,
monument valley,2014,https://www.igdb.com/games/monument-valley,76,어드벤쳐,퍼즐,,,,
metal gear solid v ground zeroes,2014,https://www.igdb.com/games/metal-gear-solid-v-ground-zeroes,76,어드벤쳐,RPG,슈팅,전략,,
hyrule warriors,2014,https://www.igdb.com/games/hyrule-warriors,76,어드벤쳐,액션,전략,,,
broken age,2014,https://www.igdb.com/games/broken-age,76,어드벤쳐,인디,point-and-click,,,
wasteland 2,2014,https://www.igdb.com/games/wasteland-2,75,어드벤쳐,인디,RPG,전략,,
towerfall ascension,2014,https://www.igdb.com/games/towerfall-ascension,75,인디,플랫폼,,,,
infamous first light,2014,https://www.igdb.com/games/infamous-first-light,75,어드벤쳐,플랫폼,슈팅,,,
littlebigplanet 3,2014,https://www.igdb.com/games/littlebigplanet-3,75,어드벤쳐,플랫폼,,,,
crypt of the necrodancer,2014,https://www.igdb.com/games/crypt-of-the-necrodancer,75,어드벤쳐,인디,리듬,RPG,,
the sims 4,2014,https://www.igdb.com/games/the-sims-4,74,어드벤쳐,RPG,시뮬레이션,,,
hitman go,2014,https://www.igdb.com/games/hitman-go,74,퍼즐,전략,,,,
borderlands the pre sequel,2014,https://www.igdb.com/games/borderlands-the-pre-sequel,74,RPG,슈팅,,,,
castlevania lords of shadow 2,2014,https://www.igdb.com/games/castlevania-lords-of-shadow-2,74,어드벤쳐,액션,RPG,,,
tropico 5,2014,https://www.igdb.com/games/tropico-5,74,RPG,시뮬레이션,전략,,,
the evil within,2014,https://www.igdb.com/games/the-evil-within,74,어드벤쳐,슈팅,,,,
styx master of shadows,2014,https://www.igdb.com/games/styx-master-of-shadows,73,어드벤쳐,RPG,전략,,,
watch dogs,2014,https://www.igdb.com/games/watch-dogs,73,어드벤쳐,슈팅,,,,
five nights at freddys 2,2014,https://www.igdb.com/games/five-nights-at-freddys-2,73,어드벤쳐,인디,point-and-click,시뮬레이션,전략,
driveclub,2014,https://www.igdb.com/games/driveclub,73,레이싱,,,,,
fifa 15,2014,https://www.igdb.com/games/fifa-15,72,스포츠,,,,,
assassin s creed rogue,2014,https://www.igdb.com/games/assassin-s-creed-rogue,72,어드벤쳐,,,,,
call of duty advanced warfare,2014,https://www.igdb.com/games/call-of-duty-advanced-warfare,72,슈팅,,,,,
octodad dadliest catch,2014,https://www.igdb.com/games/octodad-dadliest-catch,72,어드벤쳐,인디,플랫폼,시뮬레이션,전략,
sniper elite iii,2014,https://www.igdb.com/games/sniper-elite-iii,72,어드벤쳐,슈팅,시뮬레이션,전략,,
destiny,2014,https://www.igdb.com/games/destiny,72,RPG,슈팅,,,,
ultra street fighter iv,2014,https://www.igdb.com/games/ultra-street-fighter-iv,72,아케이드,격투,,,,
the elder scrolls online,2014,https://www.igdb.com/games/the-elder-scrolls-online,71,RPG,,,,,
assassin s creed unity,2014,https://www.igdb.com/games/assassin-s-creed-unity,71,어드벤쳐,,,,,
lego the hobbit,2014,https://www.igdb.com/games/lego-the-hobbit,71,어드벤쳐,퍼즐,RPG,,,
pro evolution soccer 2015,2014,https://www.igdb.com/games/pro-evolution-soccer-2015,71,스포츠,,,,,
thief,2014,https://www.igdb.com/games/thief,70,어드벤쳐,슈팅,,,,
lara croft and the temple of osiris,2014,https://www.igdb.com/games/lara-croft-and-the-temple-of-osiris,70,어드벤쳐,퍼즐,슈팅,,,
banished,2014,https://www.igdb.com/games/banished,70,인디,전략,시뮬레이션,,,
game of thrones a telltale games series,2014,https://www.igdb.com/games/game-of-thrones-a-telltale-games-series,70,어드벤쳐,,,,,
sid meiers civilization beyond earth,2014,https://www.igdb.com/games/sid-meiers-civilization-beyond-earth,70,시뮬레이션,전략,,,,
smite,2014,https://www.igdb.com/games/smite,70,어드벤쳐,moba,전략,,,
never alone,2014,https://www.igdb.com/games/never-alone,70,어드벤쳐,인디,플랫폼,퍼즐,,
a story about my uncle,2014,https://www.igdb.com/games/a-story-about-my-uncle,69,어드벤쳐,인디,플랫폼,퍼즐,,
lords of the fallen,2014,https://www.igdb.com/games/lords-of-the-fallen,68,액션,RPG,,,,
brawlhalla,2014,https://www.igdb.com/games/brawlhalla,68,아케이드,격투,인디,플랫폼,,
plants vs zombies garden warfare 2e561d33 2b92 408a 92f2 ec79ddcc6c2b,2014,https://www.igdb.com/games/plants-vs-zombies-garden-warfare-2e561d33-2b92-408a-92f2-ec79ddcc6c2b,67,아케이드,슈팅,스포츠,전략,,
naruto shippuden ultimate ninja storm revolution,2014,https://www.igdb.com/games/naruto-shippuden-ultimate-ninja-storm-revolution,66,어드벤쳐,격투,,,,
the crew,2014,https://www.igdb.com/games/the-crew,66,어드벤쳐,레이싱,,,,
murdered soul suspect,2014,https://www.igdb.com/games/murdered-soul-suspect,65,어드벤쳐,퍼즐,RPG,,,
adventure capitalist,2014,https://www.igdb.com/games/adventure-capitalist,64,인디,시뮬레이션,전략,,,
five nights at freddys,2014,https://www.igdb.com/games/five-nights-at-freddys,64,어드벤쳐,인디,point-and-click,시뮬레이션,전략,
the amazing spider man 2,2014,https://www.igdb.com/games/the-amazing-spider-man-2,56,어드벤쳐,격투,액션,,,
goat simulator,2014,https://www.igdb.com/games/goat-simulator,54,인디,시뮬레이션,,,,
the witcher 3 wild hunt,2015,https://www.igdb.com/games/the-witcher-3-wild-hunt,95,어드벤쳐,RPG,,,,
bloodborne,2015,https://www.igdb.com/games/bloodborne,91,어드벤쳐,RPG,,,,
the legend of zelda majoras mask 3d,2015,https://www.igdb.com/games/the-legend-of-zelda-majoras-mask-3d,90,어드벤쳐,RPG,,,,
uncharted the nathan drake collection,2015,https://www.igdb.com/games/uncharted-the-nathan-drake-collection,90,어드벤쳐,플랫폼,슈팅,,,
kerbal space program,2015,https://www.igdb.com/games/kerbal-space-program,89,인디,시뮬레이션,,,,
ori and the blind forest,2015,https://www.igdb.com/games/ori-and-the-blind-forest,89,어드벤쳐,인디,플랫폼,퍼즐,,
uncharted 2 among thieves remastered,2016,https://www.igdb.com/games/uncharted-2-among-thieves-remastered,89,어드벤쳐,플랫폼,슈팅,,,
god of war iii remastered,2015,https://www.igdb.com/games/god-of-war-iii-remastered,88,어드벤쳐,액션,,,,
resident evil  3,2015,https://www.igdb.com/games/resident-evil--3,88,어드벤쳐,,,,,
uncharted 3 drakes deception remastered,2016,https://www.igdb.com/games/uncharted-3-drakes-deception-remastered,88,어드벤쳐,플랫폼,슈팅,,,
starcraft ii legacy of the void,2015,https://www.igdb.com/games/starcraft-ii-legacy-of-the-void,88,전략,,,,,
undertale,2015,https://www.igdb.com/games/undertale,88,어드벤쳐,인디,RPG,전략,,
keep talking and nobody explodes,2015,https://www.igdb.com/games/keep-talking-and-nobody-explodes,87,보드,인디,퍼즐,시뮬레이션,,
yakuza 0,2015,https://www.igdb.com/games/yakuza-0,86,어드벤쳐,액션,RPG,시뮬레이션,,
metal gear solid v the phantom pain,2015,https://www.igdb.com/games/metal-gear-solid-v-the-phantom-pain,86,어드벤쳐,슈팅,전략,,,
steamworld heist,2015,https://www.igdb.com/games/steamworld-heist,85,어드벤쳐,인디,RPG,전략,,
batman arkham knight,2015,https://www.igdb.com/games/batman-arkham-knight,85,어드벤쳐,액션,,,,
soma  1,2015,https://www.igdb.com/games/soma--1,84,어드벤쳐,인디,,,,
rocket league,2015,https://www.igdb.com/games/rocket-league,84,인디,레이싱,스포츠,,,
life is strange,2015,https://www.igdb.com/games/life-is-strange,83,어드벤쳐,RPG,,,,
splatoon,2015,https://www.igdb.com/games/splatoon,83,플랫폼,슈팅,전략,,,
fire emblem fates conquest,2015,https://www.igdb.com/games/fire-emblem-fates-conquest,83,RPG,전략,,,,
super mario maker,2015,https://www.igdb.com/games/super-mario-maker,82,플랫폼,,,,,
dirt rally,2015,https://www.igdb.com/games/dirt-rally,82,레이싱,시뮬레이션,스포츠,,,
rise of the tomb raider,2015,https://www.igdb.com/games/rise-of-the-tomb-raider,82,어드벤쳐,슈팅,,,,
the beginners guide,2015,https://www.igdb.com/games/the-beginners-guide,82,어드벤쳐,인디,,,,
gears of war ultimate edition  1,2015,https://www.igdb.com/games/gears-of-war-ultimate-edition--1,82,슈팅,,,,,
pillars of eternity,2015,https://www.igdb.com/games/pillars-of-eternity,81,어드벤쳐,인디,RPG,전략,,
dying light,2015,https://www.igdb.com/games/dying-light,81,어드벤쳐,RPG,슈팅,,,
cities skylines,2015,https://www.igdb.com/games/cities-skylines,81,시뮬레이션,전략,,,,
mortal kombat x,2015,https://www.igdb.com/games/mortal-kombat-x,81,격투,,,,,
lara croft go,2015,https://www.igdb.com/games/lara-croft-go,81,어드벤쳐,퍼즐,전략,,,
tom clancys rainbow six siege,2015,https://www.igdb.com/games/tom-clancys-rainbow-six-siege,81,슈팅,전략,,,,
fire emblem fates birthright,2015,https://www.igdb.com/games/fire-emblem-fates-birthright,81,RPG,전략,,,,
until dawn,2015,https://www.igdb.com/games/until-dawn,81,어드벤쳐,,,,,
plague inc evolved,2015,https://www.igdb.com/games/plague-inc-evolved,80,인디,시뮬레이션,전략,,,
fallout 4,2015,https://www.igdb.com/games/fallout-4,80,RPG,슈팅,,,,
hotline miami 2 wrong number,2015,https://www.igdb.com/games/hotline-miami-2-wrong-number,79,인디,슈팅,,,,
wolfenstein the old blood,2015,https://www.igdb.com/games/wolfenstein-the-old-blood,79,어드벤쳐,슈팅,,,,
tekken 7,2015,https://www.igdb.com/games/tekken-7,78,격투,스포츠,,,,
her story,2015,https://www.igdb.com/games/her-story,78,어드벤쳐,인디,point-and-click,퍼즐,시뮬레이션,
mini metro,2015,https://www.igdb.com/games/mini-metro,77,아케이드,인디,퍼즐,시뮬레이션,전략,
mad max,2015,https://www.igdb.com/games/mad-max,77,어드벤쳐,레이싱,슈팅,,,
grim fandango remastered,2015,https://www.igdb.com/games/grim-fandango-remastered,77,어드벤쳐,point-and-click,퍼즐,,,
just cause 3,2015,https://www.igdb.com/games/just-cause-3,77,어드벤쳐,,,,,
prison architect,2015,https://www.igdb.com/games/prison-architect,77,어드벤쳐,인디,시뮬레이션,전략,,
downwell,2015,https://www.igdb.com/games/downwell,76,어드벤쳐,아케이드,인디,플랫폼,,
broforce,2015,https://www.igdb.com/games/broforce,75,어드벤쳐,아케이드,인디,플랫폼,슈팅,
nba 2k16,2015,https://www.igdb.com/games/nba-2k16,75,스포츠,,,,,
axiom verge,2015,https://www.igdb.com/games/axiom-verge,75,어드벤쳐,인디,플랫폼,,,
halo 5 guardians,2015,https://www.igdb.com/games/halo-5-guardians,75,슈팅,,,,,
assassins creed syndicate,2015,https://www.igdb.com/games/assassins-creed-syndicate,75,어드벤쳐,,,,,
darksiders ii deathinitive edition,2015,https://www.igdb.com/games/darksiders-ii-deathinitive-edition,75,어드벤쳐,액션,퍼즐,RPG,,
project cars,2015,https://www.igdb.com/games/project-cars,75,레이싱,시뮬레이션,스포츠,,,
heroes of the storm,2015,https://www.igdb.com/games/heroes-of-the-storm,73,moba,,,,,
uncharted drakes fortune remastered,2016,https://www.igdb.com/games/uncharted-drakes-fortune-remastered,73,어드벤쳐,플랫폼,퍼즐,,,
everybody s gone to the rapture,2015,https://www.igdb.com/games/everybody-s-gone-to-the-rapture,73,어드벤쳐,인디,,,,
resident evil revelations 2,2015,https://www.igdb.com/games/resident-evil-revelations-2,72,어드벤쳐,슈팅,,,,
titan souls,2015,https://www.igdb.com/games/titan-souls,72,어드벤쳐,인디,RPG,,,
grow home,2015,https://www.igdb.com/games/grow-home,72,어드벤쳐,인디,플랫폼,,,
fifa 16,2015,https://www.igdb.com/games/fifa-16,72,스포츠,,,,,
pro evolution soccer 2016,2015,https://www.igdb.com/games/pro-evolution-soccer-2016,71,시뮬레이션,스포츠,,,,
saints row gat out of hell,2015,https://www.igdb.com/games/saints-row-gat-out-of-hell,71,어드벤쳐,슈팅,,,,
minecraft story mode,2015,https://www.igdb.com/games/minecraft-story-mode,70,어드벤쳐,,,,,
tales of zestiria,2015,https://www.igdb.com/games/tales-of-zestiria,70,RPG,,,,,
nuclear throne,2015,https://www.igdb.com/games/nuclear-throne,70,어드벤쳐,아케이드,인디,RPG,슈팅,
assassins creed chronicles china  1,2015,https://www.igdb.com/games/assassins-creed-chronicles-china--1,70,어드벤쳐,플랫폼,,,,
the order 1886,2015,https://www.igdb.com/games/the-order-1886,69,어드벤쳐,슈팅,,,,
apotheon,2015,https://www.igdb.com/games/apotheon,68,어드벤쳐,액션,인디,플랫폼,RPG,
dragon ball xenoverse,2015,https://www.igdb.com/games/dragon-ball-xenoverse,68,격투,RPG,,,,
battlefield hardline,2015,https://www.igdb.com/games/battlefield-hardline,67,슈팅,,,,,
emily is away,2015,https://www.igdb.com/games/emily-is-away,67,어드벤쳐,인디,시뮬레이션,,,
star wars battlefront  1,2015,https://www.igdb.com/games/star-wars-battlefront--1,66,어드벤쳐,슈팅,전략,,,
black desert online,2015,https://www.igdb.com/games/black-desert-online,66,어드벤쳐,RPG,시뮬레이션,전략,,
call of duty black ops iii,2015,https://www.igdb.com/games/call-of-duty-black-ops-iii,66,어드벤쳐,슈팅,,,,
trine 3 the artifacts of power,2015,https://www.igdb.com/games/trine-3-the-artifacts-of-power,65,어드벤쳐,인디,플랫폼,퍼즐,,
fallout shelter,2015,https://www.igdb.com/games/fallout-shelter,64,RPG,시뮬레이션,전략,,,
need for speed,2015,https://www.igdb.com/games/need-for-speed,64,어드벤쳐,아케이드,레이싱,시뮬레이션,,
evolve,2015,https://www.igdb.com/games/evolve,61,슈팅,,,,,
persona 5,2016,https://www.igdb.com/games/persona-5,93,어드벤쳐,RPG,전략,,,
shadow tactics blades of the shogun,2016,https://www.igdb.com/games/shadow-tactics-blades-of-the-shogun,93,인디,전략,,,,
uncharted 4 a thief s end,2016,https://www.igdb.com/games/uncharted-4-a-thief-s-end,92,어드벤쳐,슈팅,,,,
momodora reverie under the moonlight,2016,https://www.igdb.com/games/momodora-reverie-under-the-moonlight,91,어드벤쳐,인디,플랫폼,RPG,,
the banner saga 2,2016,https://www.igdb.com/games/the-banner-saga-2,89,어드벤쳐,인디,RPG,전략,,
total war warhammer,2016,https://www.igdb.com/games/total-war-warhammer,89,전략,RPG,,,,
planet coaster  1,2016,https://www.igdb.com/games/planet-coaster--1,89,어드벤쳐,시뮬레이션,전략,,,
mortal kombat xl,2016,https://www.igdb.com/games/mortal-kombat-xl,88,격투,,,,,
stardew valley,2016,https://www.igdb.com/games/stardew-valley,88,인디,RPG,시뮬레이션,,,
dark souls iii,2016,https://www.igdb.com/games/dark-souls-iii,87,어드벤쳐,RPG,,,,
the elder scrolls v skyrim special edition,2016,https://www.igdb.com/games/the-elder-scrolls-v-skyrim-special-edition,87,어드벤쳐,RPG,,,,
inside,2016,https://www.igdb.com/games/inside,87,어드벤쳐,인디,플랫폼,퍼즐,,
doom  2,2016,https://www.igdb.com/games/doom--2,86,슈팅,,,,,
va 11 hall a cyberpunk bartender action,2016,https://www.igdb.com/games/va-11-hall-a-cyberpunk-bartender-action,86,어드벤쳐,인디,시뮬레이션,visual-novel,,
bioshock remastered,2016,https://www.igdb.com/games/bioshock-remastered,86,어드벤쳐,RPG,슈팅,,,
dishonored 2,2016,https://www.igdb.com/games/dishonored-2,85,어드벤쳐,RPG,슈팅,,,
the legend of zelda twilight princess hd,2016,https://www.igdb.com/games/the-legend-of-zelda-twilight-princess-hd,85,어드벤쳐,플랫폼,퍼즐,RPG,,
oneshot,2016,https://www.igdb.com/games/oneshot,84,어드벤쳐,인디,퍼즐,,,
the last guardian,2016,https://www.igdb.com/games/the-last-guardian,84,어드벤쳐,플랫폼,퍼즐,,,
tyranny,2016,https://www.igdb.com/games/tyranny,84,어드벤쳐,RPG,전략,,,
hyper light drifter,2016,https://www.igdb.com/games/hyper-light-drifter,83,어드벤쳐,인디,플랫폼,RPG,,
overcooked,2016,https://www.igdb.com/games/overcooked,83,아케이드,인디,시뮬레이션,전략,,
overwatch,2016,https://www.igdb.com/games/overwatch,83,슈팅,전략,,,,
the witness,2016,https://www.igdb.com/games/the-witness,83,어드벤쳐,인디,퍼즐,,,
xcom 2,2016,https://www.igdb.com/games/xcom-2,83,RPG,전략,,,,
steep,2016,https://www.igdb.com/games/steep,83,어드벤쳐,시뮬레이션,스포츠,,,
titanfall 2,2016,https://www.igdb.com/games/titanfall-2,83,어드벤쳐,슈팅,,,,
darkest dungeon,2016,https://www.igdb.com/games/darkest-dungeon,82,어드벤쳐,인디,RPG,전략,,
forza horizon 3,2016,https://www.igdb.com/games/forza-horizon-3,82,아케이드,레이싱,,,,
sid meiers civilization vi,2016,https://www.igdb.com/games/sid-meiers-civilization-vi,82,시뮬레이션,전략,,,,
salt and sanctuary,2016,https://www.igdb.com/games/salt-and-sanctuary,82,어드벤쳐,인디,플랫폼,RPG,,
unravel,2016,https://www.igdb.com/games/unravel,81,어드벤쳐,플랫폼,퍼즐,,,
ratchet and clank,2016,https://www.igdb.com/games/ratchet-and-clank,81,어드벤쳐,플랫폼,슈팅,,,
hitman,2016,https://www.igdb.com/games/hitman,81,어드벤쳐,슈팅,전략,,,
tales of berseria,2016,https://www.igdb.com/games/tales-of-berseria,81,RPG,,,,,
yakuza kiwami,2016,https://www.igdb.com/games/yakuza-kiwami,80,어드벤쳐,액션,RPG,,,
firewatch,2016,https://www.igdb.com/games/firewatch,80,어드벤쳐,인디,,,,
owlboy,2016,https://www.igdb.com/games/owlboy,80,어드벤쳐,인디,플랫폼,퍼즐,,
trackmania turbo,2016,https://www.igdb.com/games/trackmania-turbo,80,아케이드,레이싱,,,,
furi,2016,https://www.igdb.com/games/furi,79,어드벤쳐,격투,액션,인디,슈팅,
zero escape zero time dilemma,2016,https://www.igdb.com/games/zero-escape-zero-time-dilemma,79,어드벤쳐,퍼즐,RPG,전략,visual-novel,
watch dogs 2,2016,https://www.igdb.com/games/watch-dogs-2,79,어드벤쳐,슈팅,,,,
darksiders warmastered edition,2016,https://www.igdb.com/games/darksiders-warmastered-edition,79,어드벤쳐,격투,액션,RPG,,
stellaris,2016,https://www.igdb.com/games/stellaris,79,전략,시뮬레이션,,,,
hearts of iron iv,2016,https://www.igdb.com/games/hearts-of-iron-iv,79,전략,시뮬레이션,,,,
pokemon sun,2016,https://www.igdb.com/games/pokemon-sun,78,어드벤쳐,RPG,전략,,,
call of duty modern warfare remastered,2016,https://www.igdb.com/games/call-of-duty-modern-warfare-remastered,78,슈팅,,,,,
pokemon moon,2016,https://www.igdb.com/games/pokemon-moon,78,어드벤쳐,RPG,전략,,,
abzu  1,2016,https://www.igdb.com/games/abzu--1,78,어드벤쳐,인디,퍼즐,시뮬레이션,,
pony island,2016,https://www.igdb.com/games/pony-island,78,어드벤쳐,인디,퍼즐,,,
naruto shippuden ultimate ninja storm 4,2016,https://www.igdb.com/games/naruto-shippuden-ultimate-ninja-storm-4,78,어드벤쳐,격투,,,,
day of the tentacle remastered,2016,https://www.igdb.com/games/day-of-the-tentacle-remastered,78,어드벤쳐,point-and-click,,,,
battlefield 1,2016,https://www.igdb.com/games/battlefield-1,78,슈팅,,,,,
deus ex mankind divided,2016,https://www.igdb.com/games/deus-ex-mankind-divided,77,어드벤쳐,RPG,슈팅,,,
final fantasy xv,2016,https://www.igdb.com/games/final-fantasy-xv,77,어드벤쳐,RPG,,,,
gears of war 4,2016,https://www.igdb.com/games/gears-of-war-4,77,슈팅,,,,,
slime rancher,2016,https://www.igdb.com/games/slime-rancher,77,어드벤쳐,인디,슈팅,시뮬레이션,,
enter the gungeon,2016,https://www.igdb.com/games/enter-the-gungeon,77,어드벤쳐,아케이드,인디,슈팅,,
punch club,2016,https://www.igdb.com/games/punch-club,77,격투,인디,RPG,시뮬레이션,스포츠,전략
superhot,2016,https://www.igdb.com/games/superhot,77,인디,퍼즐,슈팅,전략,,
resident evil 0,2016,https://www.igdb.com/games/resident-evil-0,77,어드벤쳐,슈팅,,,,
clash royale,2016,https://www.igdb.com/games/clash-royale,76,보드,전략,,,,
thumper,2016,https://www.igdb.com/games/thumper,76,아케이드,인디,리듬,레이싱,,
speedrunners,2016,https://www.igdb.com/games/speedrunners,76,아케이드,인디,플랫폼,레이싱,스포츠,
oxenfree,2016,https://www.igdb.com/games/oxenfree,76,어드벤쳐,인디,RPG,,,
fifa 17,2016,https://www.igdb.com/games/fifa-17,75,스포츠,,,,,
shadow warrior 2,2016,https://www.igdb.com/games/shadow-warrior-2,75,어드벤쳐,RPG,슈팅,,,
quantum break,2016,https://www.igdb.com/games/quantum-break,75,어드벤쳐,슈팅,,,,
kingdom new lands,2016,https://www.igdb.com/games/kingdom-new-lands,75,어드벤쳐,아케이드,인디,시뮬레이션,전략,
dont starve together,2016,https://www.igdb.com/games/dont-starve-together,75,어드벤쳐,인디,시뮬레이션,,,
grim dawn,2016,https://www.igdb.com/games/grim-dawn,74,어드벤쳐,액션,인디,RPG,,
sherlock holmes the devils daughter,2016,https://www.igdb.com/games/sherlock-holmes-the-devils-daughter,74,어드벤쳐,퍼즐,,,,
street fighter v,2016,https://www.igdb.com/games/street-fighter-v,73,격투,,,,,
tom clancy s the division,2016,https://www.igdb.com/games/tom-clancy-s-the-division,73,어드벤쳐,RPG,슈팅,전략,,
dragon ball xenoverse 2,2016,https://www.igdb.com/games/dragon-ball-xenoverse-2,73,어드벤쳐,격투,시뮬레이션,,,
far cry primal,2016,https://www.igdb.com/games/far-cry-primal,73,어드벤쳐,슈팅,,,,
killing floor 2,2016,https://www.igdb.com/games/killing-floor-2,73,슈팅,,,,,
pewdiepies tuber simulator,2016,https://www.igdb.com/games/pewdiepies-tuber-simulator,73,시뮬레이션,,,,,
pro evolution soccer 2017,2016,https://www.igdb.com/games/pro-evolution-soccer-2017,72,시뮬레이션,스포츠,,,,
batman the telltale series,2016,https://www.igdb.com/games/batman-the-telltale-series,72,어드벤쳐,point-and-click,RPG,,,
dead by daylight,2016,https://www.igdb.com/games/dead-by-daylight,72,전략,,,,,
starbound,2016,https://www.igdb.com/games/starbound,71,어드벤쳐,인디,플랫폼,RPG,,
the walking dead a new frontier,2016,https://www.igdb.com/games/the-walking-dead-a-new-frontier,71,어드벤쳐,point-and-click,,,,
call of duty infinite warfare,2016,https://www.igdb.com/games/call-of-duty-infinite-warfare,71,어드벤쳐,슈팅,,,,
reigns,2016,https://www.igdb.com/games/reigns,71,어드벤쳐,인디,RPG,시뮬레이션,전략,
stories the path of destinies,2016,https://www.igdb.com/games/stories-the-path-of-destinies,70,어드벤쳐,인디,RPG,,,
dear esther landmark edition,2016,https://www.igdb.com/games/dear-esther-landmark-edition,70,어드벤쳐,인디,,,,
human fall flat,2016,https://www.igdb.com/games/human-fall-flat,70,어드벤쳐,인디,플랫폼,퍼즐,시뮬레이션,
mirrors edge catalyst,2016,https://www.igdb.com/games/mirrors-edge-catalyst,69,어드벤쳐,격투,,,,
no man s sky,2016,https://www.igdb.com/games/no-man-s-sky,69,어드벤쳐,인디,RPG,슈팅,시뮬레이션,
the turing test,2016,https://www.igdb.com/games/the-turing-test,69,어드벤쳐,퍼즐,전략,,,
this is the police,2016,https://www.igdb.com/games/this-is-the-police,68,어드벤쳐,인디,전략,,,
layers of fear,2016,https://www.igdb.com/games/layers-of-fear,68,어드벤쳐,인디,,,,
orwell,2016,https://www.igdb.com/games/orwell,68,어드벤쳐,인디,시뮬레이션,,,
super mario run,2016,https://www.igdb.com/games/super-mario-run,68,아케이드,플랫폼,,,,
mafia iii,2016,https://www.igdb.com/games/mafia-iii,67,어드벤쳐,레이싱,슈팅,,,
virginia,2016,https://www.igdb.com/games/virginia,67,어드벤쳐,인디,,,,
the walking dead michonne,2016,https://www.igdb.com/games/the-walking-dead-michonne,67,어드벤쳐,point-and-click,,,,
lego star wars the force awakens,2016,https://www.igdb.com/games/lego-star-wars-the-force-awakens,66,어드벤쳐,액션,퍼즐,,,
pokemon go,2016,https://www.igdb.com/games/pokemon-go,66,어드벤쳐,시뮬레이션,전략,,,
the legend of zelda breath of the wild,2017,https://www.igdb.com/games/the-legend-of-zelda-breath-of-the-wild,92,어드벤쳐,RPG,,,,
hollow knight,2017,https://www.igdb.com/games/hollow-knight,92,어드벤쳐,액션,인디,플랫폼,,
nier automata,2017,https://www.igdb.com/games/nier-automata,91,액션,RPG,,,,
xenoblade chronicles 2,2017,https://www.igdb.com/games/xenoblade-chronicles-2,91,어드벤쳐,RPG,,,,
horizon zero dawn,2017,https://www.igdb.com/games/horizon-zero-dawn,91,RPG,슈팅,,,,
danganronpa v3 killing harmony  1,2017,https://www.igdb.com/games/danganronpa-v3-killing-harmony--1,90,어드벤쳐,visual-novel,,,,
super mario odyssey,2017,https://www.igdb.com/games/super-mario-odyssey,90,어드벤쳐,플랫폼,,,,
fire emblem echoes shadows of valentia,2017,https://www.igdb.com/games/fire-emblem-echoes-shadows-of-valentia,88,어드벤쳐,RPG,전략,,,
yakuza kiwami 2,2017,https://www.igdb.com/games/yakuza-kiwami-2,87,어드벤쳐,RPG,,,,
divinity original sin ii,2017,https://www.igdb.com/games/divinity-original-sin-ii,87,어드벤쳐,RPG,전략,,,
dishonored death of the outsider,2017,https://www.igdb.com/games/dishonored-death-of-the-outsider,87,어드벤쳐,RPG,,,,
hellblade senuas sacrifice,2017,https://www.igdb.com/games/hellblade-senuas-sacrifice,86,어드벤쳐,액션,인디,,,
cuphead,2017,https://www.igdb.com/games/cuphead,86,어드벤쳐,아케이드,인디,플랫폼,,
dragon quest xi echoes of an elusive age,2017,https://www.igdb.com/games/dragon-quest-xi-echoes-of-an-elusive-age,86,RPG,,,,,
mario kart 8 deluxe,2017,https://www.igdb.com/games/mario-kart-8-deluxe,85,레이싱,,,,,
getting over it,2017,https://www.igdb.com/games/getting-over-it,85,인디,플랫폼,,,,
resident evil 7 biohazard,2017,https://www.igdb.com/games/resident-evil-7-biohazard,84,어드벤쳐,슈팅,,,,
uncharted the lost legacy,2017,https://www.igdb.com/games/uncharted-the-lost-legacy,84,어드벤쳐,슈팅,,,,
what remains of edith finch,2017,https://www.igdb.com/games/what-remains-of-edith-finch,84,어드벤쳐,인디,퍼즐,,,
doki doki literature club,2017,https://www.igdb.com/games/doki-doki-literature-club,84,어드벤쳐,인디,visual-novel,,,
crash bandicoot n sane trilogy,2017,https://www.igdb.com/games/crash-bandicoot-n-sane-trilogy,84,플랫폼,,,,,
sonic mania,2017,https://www.igdb.com/games/sonic-mania,84,어드벤쳐,아케이드,플랫폼,,,
assassins creed origins,2017,https://www.igdb.com/games/assassins-creed-origins,83,어드벤쳐,RPG,,,,
a hat in time,2017,https://www.igdb.com/games/a-hat-in-time,83,어드벤쳐,인디,플랫폼,,,
the evil within 2,2017,https://www.igdb.com/games/the-evil-within-2,83,어드벤쳐,RPG,슈팅,,,
wolfenstein ii the new colossus,2017,https://www.igdb.com/games/wolfenstein-ii-the-new-colossus,83,어드벤쳐,슈팅,,,,
steamworld dig 2,2017,https://www.igdb.com/games/steamworld-dig-2,82,어드벤쳐,인디,플랫폼,퍼즐,,
pyre,2017,https://www.igdb.com/games/pyre,82,어드벤쳐,인디,RPG,,,
splatoon 2,2017,https://www.igdb.com/games/splatoon-2,82,플랫폼,슈팅,,,,
metroid samus returns,2017,https://www.igdb.com/games/metroid-samus-returns,82,어드벤쳐,플랫폼,,,,
south park the fractured but whole,2017,https://www.igdb.com/games/south-park-the-fractured-but-whole,81,어드벤쳐,RPG,전략,,,
little nightmares,2017,https://www.igdb.com/games/little-nightmares,81,어드벤쳐,플랫폼,퍼즐,,,
injustice 2,2017,https://www.igdb.com/games/injustice-2,81,격투,,,,,
night in the woods,2017,https://www.igdb.com/games/night-in-the-woods,81,어드벤쳐,인디,플랫폼,,,
gorogoa,2017,https://www.igdb.com/games/gorogoa,81,어드벤쳐,인디,퍼즐,시뮬레이션,,
thimbleweed park,2017,https://www.igdb.com/games/thimbleweed-park,80,어드벤쳐,인디,point-and-click,퍼즐,,
observer,2017,https://www.igdb.com/games/observer,80,어드벤쳐,인디,,,,
nioh,2017,https://www.igdb.com/games/nioh,80,액션,RPG,,,,
middle earth shadow of war,2017,https://www.igdb.com/games/middle-earth-shadow-of-war,80,어드벤쳐,RPG,,,,
stories untold,2017,https://www.igdb.com/games/stories-untold,80,어드벤쳐,인디,퍼즐,,,
prey  1,2017,https://www.igdb.com/games/prey--1,79,어드벤쳐,슈팅,,,,
ruiner,2017,https://www.igdb.com/games/ruiner,78,어드벤쳐,인디,슈팅,전략,,
mario plus rabbids kingdom battle,2017,https://www.igdb.com/games/mario-plus-rabbids-kingdom-battle,77,어드벤쳐,퍼즐,RPG,전략,,
the long dark,2017,https://www.igdb.com/games/the-long-dark,77,어드벤쳐,인디,슈팅,시뮬레이션,전략,
batman the enemy within,2017,https://www.igdb.com/games/batman-the-enemy-within,77,어드벤쳐,point-and-click,,,,
gran turismo sport,2017,https://www.igdb.com/games/gran-turismo-sport,76,레이싱,시뮬레이션,스포츠,,,
rime,2017,https://www.igdb.com/games/rime,76,어드벤쳐,플랫폼,퍼즐,,,
paladins,2017,https://www.igdb.com/games/paladins,75,슈팅,전략,,,,
call of duty wwii,2017,https://www.igdb.com/games/call-of-duty-wwii,75,슈팅,,,,,
life is strange before the storm,2017,https://www.igdb.com/games/life-is-strange-before-the-storm,75,어드벤쳐,,,,,
pubg battlegrounds,2017,https://www.igdb.com/games/pubg-battlegrounds,75,어드벤쳐,인디,슈팅,,,
ark survival evolved,2017,https://www.igdb.com/games/ark-survival-evolved,74,어드벤쳐,인디,RPG,슈팅,,
destiny 2,2017,https://www.igdb.com/games/destiny-2,74,어드벤쳐,RPG,슈팅,전략,,
tom clancys ghost recon wildlands,2017,https://www.igdb.com/games/tom-clancys-ghost-recon-wildlands,74,어드벤쳐,슈팅,전략,,,
pokemon ultra sun,2017,https://www.igdb.com/games/pokemon-ultra-sun,73,어드벤쳐,RPG,,,,
sniper elite 4,2017,https://www.igdb.com/games/sniper-elite-4,72,어드벤쳐,슈팅,전략,,,
tacoma,2017,https://www.igdb.com/games/tacoma,71,어드벤쳐,인디,,,,
mass effect andromeda  1,2017,https://www.igdb.com/games/mass-effect-andromeda--1,71,어드벤쳐,RPG,슈팅,,,
elex,2017,https://www.igdb.com/games/elex,71,어드벤쳐,RPG,,,,
fifa 18,2017,https://www.igdb.com/games/fifa-18,71,스포츠,,,,,
for honor,2017,https://www.igdb.com/games/for-honor,70,격투,액션,,,,
outlast ii,2017,https://www.igdb.com/games/outlast-ii,70,어드벤쳐,인디,,,,
the surge,2017,https://www.igdb.com/games/the-surge,70,어드벤쳐,RPG,,,,
star wars battlefront ii  1,2017,https://www.igdb.com/games/star-wars-battlefront-ii--1,69,어드벤쳐,슈팅,,,,
pro evolution soccer 2018,2017,https://www.igdb.com/games/pro-evolution-soccer-2018,69,스포츠,,,,,
unturned  1,2017,https://www.igdb.com/games/unturned--1,68,어드벤쳐,인디,슈팅,,,
old mans journey,2017,https://www.igdb.com/games/old-mans-journey,68,어드벤쳐,인디,퍼즐,,,
fortnite,2017,https://www.igdb.com/games/fortnite,68,슈팅,전략,,,,
pokemon ultra moon,2017,https://www.igdb.com/games/pokemon-ultra-moon,68,어드벤쳐,RPG,,,,
yooka laylee,2017,https://www.igdb.com/games/yooka-laylee,67,어드벤쳐,인디,플랫폼,,,
fire emblem heroes,2017,https://www.igdb.com/games/fire-emblem-heroes,63,RPG,전략,,,,
need for speed payback,2017,https://www.igdb.com/games/need-for-speed-payback,61,레이싱,스포츠,,,,
sonic forces,2017,https://www.igdb.com/games/sonic-forces,55,어드벤쳐,플랫폼,전략,,,
superfighters deluxe,2018,https://www.igdb.com/games/superfighters-deluxe,95,격투,인디,플랫폼,슈팅,,
god of war  1,2018,https://www.igdb.com/games/god-of-war--1,95,어드벤쳐,액션,,,,
red dead redemption 2,2018,https://www.igdb.com/games/red-dead-redemption-2,93,어드벤쳐,RPG,슈팅,,,
return of the obra dinn,2018,https://www.igdb.com/games/return-of-the-obra-dinn,89,어드벤쳐,인디,퍼즐,,,
marvels spider man,2018,https://www.igdb.com/games/marvels-spider-man,88,어드벤쳐,액션,,,,
celeste,2018,https://www.igdb.com/games/celeste,88,어드벤쳐,인디,플랫폼,,,
super smash bros ultimate,2018,https://www.igdb.com/games/super-smash-bros-ultimate,87,격투,,,,,
rimworld,2018,https://www.igdb.com/games/rimworld,86,인디,전략,시뮬레이션,,,
dragon ball fighterz,2018,https://www.igdb.com/games/dragon-ball-fighterz,86,격투,,,,,
thronebreaker the witcher tales,2018,https://www.igdb.com/games/thronebreaker-the-witcher-tales,86,어드벤쳐,보드,RPG,전략,,
spyro reignited trilogy,2018,https://www.igdb.com/games/spyro-reignited-trilogy,85,어드벤쳐,플랫폼,,,,
shadow of the colossus  1,2018,https://www.igdb.com/games/shadow-of-the-colossus--1,85,어드벤쳐,플랫폼,퍼즐,,,
monster hunter world,2018,https://www.igdb.com/games/monster-hunter-world,85,어드벤쳐,RPG,,,,
yokus island express,2018,https://www.igdb.com/games/yokus-island-express,85,어드벤쳐,아케이드,인디,pinball,플랫폼,퍼즐
subnautica,2018,https://www.igdb.com/games/subnautica,85,어드벤쳐,인디,,,,
frostpunk,2018,https://www.igdb.com/games/frostpunk,84,인디,시뮬레이션,전략,,,
overcooked 2,2018,https://www.igdb.com/games/overcooked-2,84,아케이드,인디,시뮬레이션,전략,,
mutant year zero road to eden,2018,https://www.igdb.com/games/mutant-year-zero-road-to-eden,84,RPG,전략,,,,
into the breach,2018,https://www.igdb.com/games/into-the-breach,84,보드,인디,퍼즐,RPG,시뮬레이션,전략
dead cells,2018,https://www.igdb.com/games/dead-cells,83,어드벤쳐,인디,플랫폼,,,
assassins creed odyssey,2018,https://www.igdb.com/games/assassins-creed-odyssey,83,어드벤쳐,RPG,,,,
detroit become human  1,2018,https://www.igdb.com/games/detroit-become-human--1,83,어드벤쳐,퍼즐,,,,
deltarune chapter 1,2018,https://www.igdb.com/games/deltarune-chapter-1,82,어드벤쳐,인디,RPG,전략,,
soulcalibur vi,2018,https://www.igdb.com/games/soulcalibur-vi,82,격투,,,,,
bloodstained curse of the moon,2018,https://www.igdb.com/games/bloodstained-curse-of-the-moon,82,어드벤쳐,인디,플랫폼,,,
hitman 2,2018,https://www.igdb.com/games/hitman-2,82,어드벤쳐,슈팅,전략,,,
gris,2018,https://www.igdb.com/games/gris,81,어드벤쳐,인디,플랫폼,퍼즐,,
the messenger,2018,https://www.igdb.com/games/the-messenger,81,어드벤쳐,아케이드,인디,플랫폼,,
forza horizon 4,2018,https://www.igdb.com/games/forza-horizon-4,81,아케이드,레이싱,,,,
guacamelee 2,2018,https://www.igdb.com/games/guacamelee-2,81,어드벤쳐,액션,인디,플랫폼,,
octopath traveler,2018,https://www.igdb.com/games/octopath-traveler,81,어드벤쳐,RPG,,,,
unravel two,2018,https://www.igdb.com/games/unravel-two,80,어드벤쳐,인디,플랫폼,퍼즐,,
the walking dead the final season,2018,https://www.igdb.com/games/the-walking-dead-the-final-season,80,어드벤쳐,point-and-click,,,,
a way out,2018,https://www.igdb.com/games/a-way-out,79,어드벤쳐,인디,,,,
gwent the witcher card game,2018,https://www.igdb.com/games/gwent-the-witcher-card-game,79,보드,전략,,,,
kingdom come deliverance,2018,https://www.igdb.com/games/kingdom-come-deliverance,78,어드벤쳐,RPG,,,,
the red strings club,2018,https://www.igdb.com/games/the-red-strings-club,78,어드벤쳐,인디,시뮬레이션,,,
shadow of the tomb raider,2018,https://www.igdb.com/games/shadow-of-the-tomb-raider,78,어드벤쳐,슈팅,,,,
ni no kuni ii revenant kingdom  1,2018,https://www.igdb.com/games/ni-no-kuni-ii-revenant-kingdom--1,77,어드벤쳐,RPG,,,,
the awesome adventures of captain spirit,2018,https://www.igdb.com/games/the-awesome-adventures-of-captain-spirit,77,어드벤쳐,,,,,
two point hospital,2018,https://www.igdb.com/games/two-point-hospital,77,인디,시뮬레이션,전략,,,
pokemon lets go pikachu,2018,https://www.igdb.com/games/pokemon-lets-go-pikachu,76,어드벤쳐,RPG,,,,
far cry 5,2018,https://www.igdb.com/games/far-cry-5,76,어드벤쳐,슈팅,,,,
iconoclasts,2018,https://www.igdb.com/games/iconoclasts,75,어드벤쳐,인디,플랫폼,퍼즐,,
warhammer vermintide 2,2018,https://www.igdb.com/games/warhammer-vermintide-2,75,어드벤쳐,인디,슈팅,,,
life is strange 2,2018,https://www.igdb.com/games/life-is-strange-2,75,어드벤쳐,,,,,
fifa 19,2018,https://www.igdb.com/games/fifa-19,74,스포츠,,,,,
state of decay 2,2018,https://www.igdb.com/games/state-of-decay-2,73,RPG,시뮬레이션,,,,
vampyr,2018,https://www.igdb.com/games/vampyr,73,RPG,,,,,
among us,2018,https://www.igdb.com/games/among-us,72,인디,전략,,,,
rust,2018,https://www.igdb.com/games/rust,72,어드벤쳐,인디,RPG,슈팅,,
darksiders iii,2018,https://www.igdb.com/games/darksiders-iii,72,어드벤쳐,액션,RPG,,,
minit,2018,https://www.igdb.com/games/minit,71,어드벤쳐,아케이드,인디,퍼즐,RPG,
battlefield v,2018,https://www.igdb.com/games/battlefield-v,71,슈팅,,,,,
donut county,2018,https://www.igdb.com/games/donut-county,70,어드벤쳐,인디,퍼즐,,,
pokemon lets go eevee,2018,https://www.igdb.com/games/pokemon-lets-go-eevee,70,어드벤쳐,RPG,,,,
mario tennis aces,2018,https://www.igdb.com/games/mario-tennis-aces,69,스포츠,,,,,
northgard,2018,https://www.igdb.com/games/northgard,69,인디,전략,시뮬레이션,,,
sea of thieves,2018,https://www.igdb.com/games/sea-of-thieves,69,어드벤쳐,,,,,
moonlighter,2018,https://www.igdb.com/games/moonlighter,69,어드벤쳐,액션,인디,RPG,시뮬레이션,
call of duty black ops 4,2018,https://www.igdb.com/games/call-of-duty-black-ops-4,68,슈팅,,,,,
just cause 4,2018,https://www.igdb.com/games/just-cause-4,67,어드벤쳐,슈팅,,,,
call of cthulhu,2018,https://www.igdb.com/games/call-of-cthulhu,65,어드벤쳐,RPG,,,,
the forest,2018,https://www.igdb.com/games/the-forest,65,어드벤쳐,인디,퍼즐,시뮬레이션,전략,
super mario party,2018,https://www.igdb.com/games/super-mario-party,65,보드,플랫폼,퍼즐,전략,,
we happy few,2018,https://www.igdb.com/games/we-happy-few,60,어드벤쳐,인디,슈팅,,,
pubg mobile,2018,https://www.igdb.com/games/pubg-mobile,58,슈팅,전략,,,,
fallout 76,2018,https://www.igdb.com/games/fallout-76,54,RPG,슈팅,,,,
dayz,2018,https://www.igdb.com/games/dayz,47,어드벤쳐,인디,슈팅,시뮬레이션,전략,
persona 5 royal,2019,https://www.igdb.com/games/persona-5-royal,99,어드벤쳐,RPG,,,,
disco elysium,2019,https://www.igdb.com/games/disco-elysium,96,어드벤쳐,RPG,,,,
sekiro shadows die twice,2019,https://www.igdb.com/games/sekiro-shadows-die-twice,91,어드벤쳐,액션,,,,
age of empires ii definitive edition,2019,https://www.igdb.com/games/age-of-empires-ii-definitive-edition,90,전략,,,,,
outer wilds,2019,https://www.igdb.com/games/outer-wilds,89,어드벤쳐,인디,퍼즐,,,
fire emblem three houses,2019,https://www.igdb.com/games/fire-emblem-three-houses,89,어드벤쳐,RPG,전략,,,
death stranding,2019,https://www.igdb.com/games/death-stranding,89,어드벤쳐,슈팅,,,,
slay the spire,2019,https://www.igdb.com/games/slay-the-spire,89,어드벤쳐,보드,인디,RPG,시뮬레이션,전략
superliminal,2019,https://www.igdb.com/games/superliminal,88,어드벤쳐,인디,퍼즐,,,
resident evil 2  1,2019,https://www.igdb.com/games/resident-evil-2--1,88,어드벤쳐,슈팅,,,,
bloodstained ritual of the night,2019,https://www.igdb.com/games/bloodstained-ritual-of-the-night,86,어드벤쳐,플랫폼,RPG,,,
devil may cry 5,2019,https://www.igdb.com/games/devil-may-cry-5,85,어드벤쳐,액션,,,,
control,2019,https://www.igdb.com/games/control,85,어드벤쳐,슈팅,,,,
the legend of zelda links awakening  1,2019,https://www.igdb.com/games/the-legend-of-zelda-links-awakening--1,84,어드벤쳐,,,,,
luigis mansion 3,2019,https://www.igdb.com/games/luigis-mansion-3,84,어드벤쳐,,,,,
mortal kombat 11,2019,https://www.igdb.com/games/mortal-kombat-11,84,격투,,,,,
metro exodus,2019,https://www.igdb.com/games/metro-exodus,83,어드벤쳐,슈팅,,,,
risk of rain 2,2019,https://www.igdb.com/games/risk-of-rain-2,83,인디,슈팅,,,,
beat saber,2019,https://www.igdb.com/games/beat-saber,83,인디,리듬,,,,
a plague tale innocence,2019,https://www.igdb.com/games/a-plague-tale-innocence,83,어드벤쳐,,,,,
astral chain,2019,https://www.igdb.com/games/astral-chain,82,어드벤쳐,액션,,,,
the outer worlds,2019,https://www.igdb.com/games/the-outer-worlds,82,어드벤쳐,RPG,슈팅,,,
super mario maker 2,2019,https://www.igdb.com/games/super-mario-maker-2,82,플랫폼,,,,,
tetris 99,2019,https://www.igdb.com/games/tetris-99,82,아케이드,퍼즐,,,,
call of duty modern warfare,2019,https://www.igdb.com/games/call-of-duty-modern-warfare,82,슈팅,,,,,
gears 5,2019,https://www.igdb.com/games/gears-5,81,어드벤쳐,슈팅,,,,
days gone,2019,https://www.igdb.com/games/days-gone,81,어드벤쳐,슈팅,,,,
star wars jedi fallen order,2019,https://www.igdb.com/games/star-wars-jedi-fallen-order,81,어드벤쳐,,,,,
untitled goose game,2019,https://www.igdb.com/games/untitled-goose-game,81,인디,퍼즐,,,,
remnant from the ashes,2019,https://www.igdb.com/games/remnant-from-the-ashes,81,어드벤쳐,RPG,슈팅,,,
sayonara wild hearts,2019,https://www.igdb.com/games/sayonara-wild-hearts,80,어드벤쳐,아케이드,인디,리듬,,
oxygen not included,2019,https://www.igdb.com/games/oxygen-not-included,80,인디,시뮬레이션,,,,
my friend pedro,2019,https://www.igdb.com/games/my-friend-pedro,80,어드벤쳐,아케이드,인디,플랫폼,슈팅,
blasphemous,2019,https://www.igdb.com/games/blasphemous,79,어드벤쳐,액션,인디,플랫폼,RPG,
katana zero,2019,https://www.igdb.com/games/katana-zero,78,아케이드,인디,플랫폼,전략,,
apex legends,2019,https://www.igdb.com/games/apex-legends,78,슈팅,,,,,
borderlands 3,2019,https://www.igdb.com/games/borderlands-3,78,슈팅,,,,,
tom clancys the division 2,2019,https://www.igdb.com/games/tom-clancys-the-division-2,78,슈팅,전략,,,,
baba is you,2019,https://www.igdb.com/games/baba-is-you,77,인디,퍼즐,,,,
blair witch,2019,https://www.igdb.com/games/blair-witch,76,어드벤쳐,인디,,,,
aquapark dot io,2019,https://www.igdb.com/games/aquapark-dot-io,75,인디,레이싱,,,,
kingdom hearts iii,2019,https://www.igdb.com/games/kingdom-hearts-iii,75,어드벤쳐,액션,RPG,,,
greedfall,2019,https://www.igdb.com/games/greedfall,74,어드벤쳐,RPG,전략,,,
astroneer,2019,https://www.igdb.com/games/astroneer,74,어드벤쳐,인디,,,,
pokemon sword,2019,https://www.igdb.com/games/pokemon-sword,73,어드벤쳐,RPG,,,,
rage 2,2019,https://www.igdb.com/games/rage-2,71,어드벤쳐,RPG,슈팅,,,
need for speed heat,2019,https://www.igdb.com/games/need-for-speed-heat,70,어드벤쳐,레이싱,스포츠,,,
world war z,2019,https://www.igdb.com/games/world-war-z,70,슈팅,,,,,
fifa 20,2019,https://www.igdb.com/games/fifa-20,69,스포츠,,,,,
code vein,2019,https://www.igdb.com/games/code-vein,69,어드벤쳐,RPG,,,,
call of duty mobile,2019,https://www.igdb.com/games/call-of-duty-mobile,68,슈팅,,,,,
a short hike,2019,https://www.igdb.com/games/a-short-hike,68,어드벤쳐,인디,플랫폼,,,
pokemon shield,2019,https://www.igdb.com/games/pokemon-shield,67,어드벤쳐,RPG,,,,
far cry new dawn,2019,https://www.igdb.com/games/far-cry-new-dawn,67,어드벤쳐,슈팅,,,,
the dark pictures anthology man of medan,2019,https://www.igdb.com/games/the-dark-pictures-anthology-man-of-medan,66,어드벤쳐,,,,,
children of morta,2019,https://www.igdb.com/games/children-of-morta,64,어드벤쳐,인디,RPG,,,
wolfenstein youngblood,2019,https://www.igdb.com/games/wolfenstein-youngblood,62,어드벤쳐,슈팅,,,,
anthem,2019,https://www.igdb.com/games/anthem,62,어드벤쳐,RPG,슈팅,,,
the last of us part ii,2020,https://www.igdb.com/games/the-last-of-us-part-ii,93,어드벤쳐,슈팅,,,,
hades  1,2020,https://www.igdb.com/games/hades--1,93,어드벤쳐,액션,인디,RPG,,
black mesa,2020,https://www.igdb.com/games/black-mesa,91,어드벤쳐,인디,플랫폼,슈팅,,
ghost of tsushima,2020,https://www.igdb.com/games/ghost-of-tsushima,89,어드벤쳐,,,,,
final fantasy vii remake,2020,https://www.igdb.com/games/final-fantasy-vii-remake,88,어드벤쳐,RPG,,,,
ori and the will of the wisps,2020,https://www.igdb.com/games/ori-and-the-will-of-the-wisps,88,어드벤쳐,플랫폼,,,,
factorio,2020,https://www.igdb.com/games/factorio,85,인디,시뮬레이션,전략,,,
doom eternal,2020,https://www.igdb.com/games/doom-eternal,84,슈팅,,,,,
genshin impact,2020,https://www.igdb.com/games/genshin-impact,84,RPG,,,,,
animal crossing new horizons,2020,https://www.igdb.com/games/animal-crossing-new-horizons,83,시뮬레이션,,,,,
mafia definitive edition,2020,https://www.igdb.com/games/mafia-definitive-edition,83,어드벤쳐,슈팅,,,,
marvels spider man miles morales,2020,https://www.igdb.com/games/marvels-spider-man-miles-morales,82,어드벤쳐,액션,,,,
streets of rage 4,2020,https://www.igdb.com/games/streets-of-rage-4,81,아케이드,격투,액션,인디,,
resident evil 3,2020,https://www.igdb.com/games/resident-evil-3,81,어드벤쳐,슈팅,,,,
carrion,2020,https://www.igdb.com/games/carrion,79,어드벤쳐,인디,플랫폼,,,
cyberpunk 2077,2020,https://www.igdb.com/games/cyberpunk-2077,79,RPG,,,,,
tell me why,2020,https://www.igdb.com/games/tell-me-why,77,어드벤쳐,,,,,
fall guys ultimate knockout,2020,https://www.igdb.com/games/fall-guys-ultimate-knockout,77,인디,플랫폼,스포츠,,,
helltaker,2020,https://www.igdb.com/games/helltaker,74,어드벤쳐,인디,퍼즐,,,
assassins creed valhalla,2020,https://www.igdb.com/games/assassins-creed-valhalla,74,어드벤쳐,,,,,
valorant,2020,https://www.igdb.com/games/valorant,73,슈팅,전략,,,,
minecraft dungeons,2020,https://www.igdb.com/games/minecraft-dungeons,71,어드벤쳐,액션,RPG,,,
it takes two,2021,https://www.igdb.com/games/it-takes-two,93,어드벤쳐,플랫폼,,,,
valheim,2021,https://www.igdb.com/games/valheim,89,어드벤쳐,인디,RPG,,,
resident evil village,2021,https://www.igdb.com/games/resident-evil-village,83,어드벤쳐,,,,,
little nightmares ii,2021,https://www.igdb.com/games/little-nightmares-ii,81,어드벤쳐,플랫폼,퍼즐,,,
